Order_ID,Order_Date,Customer_ID,Product_Category,Region,Quantity,Sales_Amount
ORD-100521,04-06-2026,CUST-0118,Books,East,1,50.0
ORD-100737,11-01-2025,CUST-0109,Unknown,East,5,50.0
ORD-100740,01-04-2026,CUST-0019,Unknown,South,3,45.5
ORD-100660,28-03-2026,CUST-0069,Home & Kitchen,Unknown,1,25.0
ORD-100411,09-08-2025,CUST-0078,Home & Kitchen,South,2,45.5
ORD-100678,12-10-2025,CUST-0017,Clothing,North,12,120.0
ORD-100626,17-12-2025,CUST-0110,Home & Kitchen,Unknown,1,25.0
ORD-100513,02-06-2026,CUST-0017,Unknown,North,10,45.5
ORD-100859,18-08-2025,CUST-0128,Electronics,West,4,899.0
ORD-100136,17-02-2025,CUST-0012,Electronics,West,1,50.0
ORD-100811,27-05-2025,CUST-0005,Electronics,West,2,120.0
ORD-100076,01-02-2025,CUST-0015,Home & Kitchen,West,4,0.0
ORD-100636,22-10-2025,CUST-0022,Clothing,East,10,299.99
ORD-100360,19-06-2025,CUST-0064,Home & Kitchen,North,12,50.0
ORD-100938,14-07-2025,CUST-0063,Home & Kitchen,West,2,25.0
ORD-100899,15-01-2025,CUST-0121,Home & Kitchen,West,10,299.0
ORD-100280,28-01-2025,CUST-0102,Home & Kitchen,Unknown,4,299.99
ORD-100883,10-03-2025,CUST-0128,Clothing,Unknown,3,0.0
ORD-100761,19-02-2025,CUST-0039,Clothing,South,4,15.0
ORD-100319,24-04-2025,CUST-0143,Electronics,Unknown,2,899.0
ORD-100549,20-01-2025,CUST-0100,Clothing,West,1,25.0
ORD-100174,06-09-2025,CUST-0002,Home & Kitchen,West,10,120.0
ORD-100371,02-06-2025,CUST-0098,Electronics,North,5,15.0
ORD-100527,12-10-2025,CUST-0022,Electronics,East,1,25.0
ORD-100210,24-01-2025,CUST-0065,Books,North,10,0.0
ORD-100235,14-07-2025,CUST-0112,Home & Kitchen,West,4,120.0
ORD-100101,17-09-2025,CUST-0144,Home & Kitchen,North,1,899.0
ORD-100932,30-01-2025,CUST-0003,Clothing,North,1,299.99
ORD-100902,03-05-2025,CUST-0039,Clothing,South,10,899.0
ORD-100947,18-05-2025,CUST-0002,Electronics,East,4,120.0
ORD-100346,13-11-2025,CUST-0078,Clothing,South,12,45.5
ORD-100139,19-01-2026,CUST-0038,Unknown,East,5,25.0
ORD-100621,15-08-2025,CUST-0031,Unknown,Unknown,1,45.5
ORD-100499,16-12-2025,CUST-0048,Home & Kitchen,North,2,45.5
ORD-100370,28-12-2025,CUST-0086,Home & Kitchen,West,1,299.0
ORD-100198,04-09-2026,CUST-0074,Books,West,2,15.0
ORD-100687,27-05-2025,CUST-0073,Electronics,East,3,899.0
ORD-100584,20-02-2025,CUST-0022,Clothing,West,1,120.0
ORD-100901,20-11-2025,CUST-0099,Electronics,North,4,15.0
ORD-100059,04-08-2026,CUST-0089,Home & Kitchen,West,12,99.0
ORD-100328,13-01-2025,CUST-0024,Home & Kitchen,Unknown,1,25.0
ORD-100096,11-07-2025,CUST-0097,Home & Kitchen,South,4,299.99
ORD-100312,15-10-2025,CUST-0070,Electronics,South,12,15.0
ORD-100843,30-03-2026,CUST-0112,Clothing,West,5,899.0
ORD-100299,16-02-2025,CUST-0069,Electronics,East,12,0.0
ORD-100277,04-10-2025,CUST-0020,Books,East,12,299.99
ORD-100924,05-06-2026,CUST-0018,Clothing,Unknown,4,25.0
ORD-100601,28-01-2026,CUST-0147,Home & Kitchen,West,4,45.5
ORD-100439,21-03-2025,CUST-0111,Clothing,West,5,45.5
ORD-100837,24-09-2025,CUST-0138,Electronics,East,4,99.0
ORD-100570,24-09-2025,CUST-0003,Electronics,South,12,120.0
ORD-100879,16-05-2025,CUST-0117,Electronics,South,4,45.5
ORD-100261,13-05-2026,CUST-0042,Clothing,West,4,899.0
ORD-100578,01-02-2025,CUST-0105,Electronics,West,1,45.5
ORD-100023,02-11-2025,CUST-0022,Clothing,East,2,25.0
ORD-100030,10-04-2025,CUST-0113,Clothing,West,10,50.0
ORD-100617,10-03-2025,CUST-0068,Electronics,North,4,45.5
ORD-100010,16-05-2025,CUST-0118,Clothing,West,1,45.5
ORD-100221,04-12-2025,CUST-0077,Clothing,West,4,15.0
ORD-100820,11-07-2025,CUST-0130,Clothing,West,10,45.5
ORD-100296,22-11-2025,CUST-0064,Clothing,North,1,899.0
ORD-100054,16-05-2025,CUST-0045,Clothing,East,4,50.0
ORD-100542,16-05-2025,CUST-0062,Books,Unknown,12,25.0
ORD-100209,18-11-2025,CUST-0135,Clothing,South,1,120.0
ORD-100604,15-12-2025,CUST-0140,Books,North,12,299.99
ORD-100692,29-01-2026,CUST-0145,Clothing,East,3,50.0
ORD-100662,02-12-2026,CUST-0097,Clothing,North,1,899.0
ORD-100866,21-11-2025,CUST-0033,Unknown,South,3,50.0
ORD-100070,12-03-2026,CUST-0122,Clothing,North,10,120.0
ORD-100543,13-01-2026,CUST-0079,Clothing,North,2,120.0
ORD-100107,07-11-2025,CUST-0004,Unknown,South,1,15.0
ORD-100493,24-07-2025,CUST-0085,Clothing,West,1,45.5
ORD-100590,30-07-2025,CUST-0071,Electronics,West,4,45.5
ORD-100741,23-04-2026,CUST-0059,Clothing,West,2,45.5
ORD-100292,15-02-2026,CUST-0150,Electronics,East,2,0.0
ORD-100289,23-01-2025,CUST-0097,Unknown,South,3,899.0
ORD-100652,23-12-2025,CUST-0064,Unknown,North,10,299.99
ORD-100039,18-10-2025,CUST-0148,Clothing,West,3,45.5
ORD-100589,03-01-2026,CUST-0009,Electronics,South,3,45.5
ORD-100307,08-01-2025,CUST-0024,Clothing,West,10,25.0
ORD-100679,20-01-2025,CUST-0137,Clothing,North,1,45.5
ORD-100066,16-05-2025,CUST-0077,Unknown,West,12,899.0
ORD-100275,23-04-2025,CUST-0112,Electronics,West,12,50.0
ORD-100067,27-03-2026,CUST-0097,Books,West,12,120.0
ORD-100318,21-03-2025,CUST-0115,Electronics,West,1,50.0
ORD-100548,02-03-2026,CUST-0131,Home & Kitchen,North,12,50.0
ORD-100628,14-05-2025,CUST-0036,Electronics,North,2,15.0
ORD-100714,20-05-2025,CUST-0022,Unknown,West,2,50.0
ORD-100753,16-05-2025,CUST-0018,Unknown,South,4,45.5
ORD-100327,08-04-2025,CUST-0142,Home & Kitchen,East,12,149.0
ORD-100382,13-08-2025,CUST-0081,Home & Kitchen,North,5,299.0
ORD-100451,04-01-2026,CUST-0115,Books,North,1,50.0
ORD-100522,24-09-2025,CUST-0030,Electronics,North,5,120.0
ORD-100218,16-04-2026,CUST-0145,Clothing,North,4,899.0
ORD-100787,25-04-2025,CUST-0101,Clothing,North,1,0.0
ORD-100436,12-12-2025,CUST-0145,Unknown,North,2,299.99
ORD-100764,29-04-2026,CUST-0056,Electronics,Unknown,12,120.0
ORD-100088,05-11-2026,CUST-0021,Clothing,Unknown,12,50.0
ORD-100063,09-08-2025,CUST-0107,Home & Kitchen,East,3,45.5
ORD-100826,04-01-2025,CUST-0022,Clothing,North,5,45.5
ORD-100716,02-10-2026,CUST-0043,Clothing,South,2,899.0
ORD-100351,21-03-2025,CUST-0043,Clothing,West,4,120.0
ORD-100936,03-03-2025,CUST-0145,Electronics,East,5,0.0
ORD-100256,02-09-2025,UNKNOWN,Home & Kitchen,West,3,15.0
ORD-100635,28-03-2025,CUST-0072,Clothing,North,1,45.5
ORD-100644,19-07-2025,CUST-0132,Books,West,1,0.0
ORD-100554,10-01-2025,CUST-0099,Electronics,Unknown,4,0.0
ORD-100959,03-11-2026,CUST-0053,Clothing,North,3,15.0
ORD-100168,13-02-2025,CUST-0139,Books,South,5,15.0
ORD-100917,05-09-2025,CUST-0129,Home & Kitchen,Unknown,12,15.0
ORD-100528,03-06-2025,CUST-0100,Unknown,East,2,120.0
ORD-100823,22-10-2025,CUST-0107,Books,West,10,120.0
ORD-100943,11-02-2025,CUST-0051,Electronics,West,12,899.0
ORD-100816,03-12-2025,CUST-0056,Home & Kitchen,West,5,120.0
ORD-100086,02-05-2025,CUST-0053,Unknown,West,5,120.0
ORD-100432,20-05-2025,CUST-0064,Electronics,South,1,120.0
ORD-100184,26-02-2025,CUST-0096,Clothing,West,5,899.0
ORD-100530,24-02-2026,UNKNOWN,Unknown,North,5,15.0
ORD-100534,20-03-2025,CUST-0118,Books,North,5,299.99
ORD-100294,04-01-2025,CUST-0022,Home & Kitchen,West,4,50.0
ORD-100892,23-02-2026,CUST-0059,Clothing,East,2,120.0
ORD-100425,06-09-2025,CUST-0140,Clothing,West,4,45.5
ORD-100713,01-06-2025,CUST-0065,Home & Kitchen,West,3,45.5
ORD-100260,29-08-2025,CUST-0077,Clothing,North,12,120.0
ORD-100237,16-11-2025,CUST-0145,Home & Kitchen,Unknown,5,15.0
ORD-100559,22-04-2025,CUST-0045,Home & Kitchen,Unknown,4,299.99
ORD-100583,16-01-2026,CUST-0043,Home & Kitchen,West,3,0.0
ORD-100445,13-03-2025,CUST-0131,Electronics,South,10,120.0
ORD-100867,02-01-2025,CUST-0069,Clothing,North,10,299.99
ORD-100800,16-05-2026,CUST-0093,Unknown,North,2,120.0
ORD-100599,19-11-2025,CUST-0131,Books,North,3,45.5
ORD-100849,16-05-2025,CUST-0030,Clothing,East,12,0.0
ORD-100265,13-03-2026,CUST-0100,Home & Kitchen,South,1,299.99
ORD-100814,21-01-2026,CUST-0004,Unknown,West,1,15.0
ORD-100529,24-07-2025,CUST-0101,Clothing,Unknown,1,45.5
ORD-100055,05-08-2025,CUST-0110,Home & Kitchen,North,10,120.0
ORD-100120,08-08-2025,CUST-0120,Home & Kitchen,South,4,120.0
ORD-100215,25-11-2025,CUST-0096,Clothing,North,3,0.0
ORD-100025,20-08-2025,CUST-0115,Clothing,North,3,25.0
ORD-100072,12-04-2025,CUST-0058,Clothing,South,4,45.5
ORD-100044,06-09-2025,CUST-0078,Unknown,West,4,45.5
ORD-100247,21-09-2025,CUST-0020,Clothing,South,12,45.5
ORD-100721,06-08-2025,CUST-0110,Electronics,East,1,0.0
ORD-100281,26-04-2026,CUST-0084,Unknown,West,1,45.5
ORD-100893,21-03-2025,CUST-0131,Home & Kitchen,North,5,50.0
ORD-100914,19-03-2026,CUST-0147,Books,East,12,45.5
ORD-100810,08-08-2025,CUST-0019,Unknown,Unknown,12,899.0
ORD-100244,04-03-2026,CUST-0122,Books,West,10,25.0
ORD-100822,16-03-2026,CUST-0129,Home & Kitchen,North,10,45.5
ORD-100321,26-10-2025,CUST-0132,Clothing,North,2,299.99
ORD-100643,28-01-2025,CUST-0069,Electronics,Unknown,1,299.0
ORD-100158,04-12-2025,CUST-0126,Home & Kitchen,South,2,299.99
ORD-100140,17-01-2026,CUST-0005,Clothing,West,5,45.5
ORD-100429,22-11-2025,CUST-0022,Unknown,South,12,899.0
ORD-100941,10-09-2025,CUST_UNKNOWN,Electronics,Unknown,1,899.0
ORD-100462,16-05-2025,CUST-0076,Electronics,North,12,45.5
ORD-100309,19-02-2025,CUST-0079,Clothing,North,10,0.0
ORD-100697,29-06-2025,CUST-0026,Home & Kitchen,West,2,45.5
ORD-100060,03-12-2026,CUST-0098,Electronics,East,10,25.0
ORD-100884,23-05-2025,CUST-0146,Books,West,5,50.0
ORD-100595,03-07-2026,CUST-0118,Home & Kitchen,East,5,299.99
ORD-100767,01-05-2026,CUST-0036,Electronics,South,3,120.0
ORD-100649,21-04-2026,CUST-0071,Electronics,North,4,15.0
ORD-100650,14-09-2025,CUST-0033,Unknown,South,2,25.0
ORD-100865,23-09-2025,CUST-0096,Clothing,Unknown,10,25.0
ORD-100668,16-05-2025,CUST-0072,Electronics,North,10,899.0
ORD-100298,24-04-2025,CUST-0022,Clothing,West,10,120.0
ORD-100689,06-03-2025,CUST-0141,Clothing,Unknown,5,899.0
ORD-100314,16-02-2026,CUST-0034,Unknown,West,4,15.0
ORD-100310,14-10-2025,CUST-0114,Home & Kitchen,North,1,45.5
ORD-100361,23-05-2025,CUST-0127,Clothing,West,4,45.5
ORD-100479,08-09-2025,CUST-0082,Clothing,Unknown,1,299.99
ORD-100110,06-11-2025,CUST-0031,Books,West,5,45.5
ORD-100223,30-01-2026,CUST-0009,Electronics,Unknown,12,45.5
ORD-100486,21-03-2025,CUST-0028,Electronics,Unknown,1,899.0
ORD-100363,16-01-2026,CUST-0051,Home & Kitchen,West,12,120.0
ORD-100254,19-03-2026,CUST-0005,Clothing,North,2,15.0
ORD-100259,23-01-2025,CUST-0020,Clothing,Unknown,5,120.0
ORD-100802,04-08-2025,CUST-0034,Clothing,Unknown,4,299.99
ORD-100677,22-07-2025,CUST-0092,Home & Kitchen,North,1,299.99
ORD-100494,19-03-2026,CUST-0144,Home & Kitchen,Unknown,4,299.99
ORD-100670,16-05-2025,CUST-0117,Electronics,West,1,899.0
ORD-100377,28-04-2026,CUST-0035,Electronics,South,5,299.99
ORD-100526,07-01-2025,CUST-0081,Electronics,North,10,25.0
ORD-100845,16-02-2026,CUST-0015,Home & Kitchen,South,2,899.0
ORD-100137,02-08-2025,CUST-0145,Electronics,North,3,120.0
ORD-100355,07-01-2025,CUST-0077,Home & Kitchen,South,4,15.0
ORD-100365,01-02-2025,CUST-0028,Clothing,South,4,15.0
ORD-100942,24-01-2025,CUST-0127,Electronics,West,2,0.0
ORD-100749,09-11-2025,CUST-0036,Books,West,10,0.0
ORD-100948,12-04-2025,CUST-0105,Electronics,West,4,15.0
ORD-100829,18-05-2025,CUST-0040,Home & Kitchen,East,2,0.0
ORD-100656,04-08-2025,CUST-0101,Electronics,North,4,299.99
ORD-100199,13-08-2025,CUST-0005,Home & Kitchen,North,4,50.0
ORD-100213,24-11-2025,CUST-0102,Home & Kitchen,West,2,0.0
ORD-100408,19-03-2026,CUST-0105,Unknown,Unknown,5,899.0
ORD-100332,19-03-2025,CUST-0004,Electronics,Unknown,4,45.5
ORD-100208,16-05-2025,CUST-0050,Home & Kitchen,Unknown,1,45.5
ORD-100613,10-03-2025,CUST-0064,Electronics,South,5,299.0
ORD-100078,02-09-2025,CUST-0106,Home & Kitchen,Unknown,5,15.0
ORD-100029,29-01-2026,CUST-0103,Books,East,2,45.5
ORD-100535,16-05-2025,CUST-0045,Clothing,East,1,120.0
ORD-100695,09-06-2025,CUST-0013,Unknown,West,2,899.0
ORD-100557,04-06-2025,CUST-0125,Electronics,West,3,0.0
ORD-100836,21-03-2025,CUST-0040,Books,South,1,0.0
ORD-100596,16-05-2025,CUST-0145,Clothing,South,12,45.5
ORD-100165,28-12-2025,CUST-0140,Clothing,East,10,45.5
ORD-100918,23-01-2025,CUST-0014,Home & Kitchen,East,3,899.0
ORD-100495,31-07-2025,CUST-0110,Electronics,South,3,50.0
ORD-100824,05-07-2025,CUST-0109,Electronics,South,3,899.0
ORD-100065,05-02-2025,CUST-0039,Home & Kitchen,West,1,899.0
ORD-100141,05-08-2026,CUST-0067,Books,North,3,0.0
ORD-100925,02-02-2025,CUST-0120,Clothing,West,3,50.0
ORD-100827,17-11-2025,CUST-0138,Electronics,North,4,120.0
ORD-100655,28-12-2025,CUST-0064,Electronics,North,10,50.0
ORD-100331,27-03-2026,CUST-0099,Unknown,West,12,50.0
ORD-100664,16-05-2025,CUST-0020,Electronics,East,12,25.0
ORD-100249,30-03-2026,CUST-0140,Electronics,North,4,0.0
ORD-100907,15-01-2026,CUST-0058,Clothing,West,3,50.0
ORD-100708,22-02-2026,CUST-0078,Unknown,North,4,45.5
ORD-100305,30-07-2025,CUST-0093,Home & Kitchen,East,1,45.5
ORD-100734,11-08-2025,CUST-0003,Electronics,West,1,45.5
ORD-100147,23-10-2025,CUST-0040,Electronics,West,1,15.0
ORD-100049,20-01-2026,CUST-0077,Clothing,North,12,299.99
ORD-100896,16-05-2025,CUST-0004,Electronics,North,5,45.5
ORD-100002,18-05-2025,CUST-0077,Unknown,Unknown,2,25.0
ORD-100544,13-02-2025,CUST-0030,Home & Kitchen,West,3,899.0
ORD-100350,03-12-2026,CUST-0017,Electronics,North,10,50.0
ORD-100904,16-05-2025,CUST-0010,Home & Kitchen,East,4,45.5
ORD-100536,16-05-2025,CUST-0077,Home & Kitchen,West,4,15.0
ORD-100344,02-02-2025,CUST-0036,Electronics,East,12,25.0
ORD-100192,16-05-2025,CUST-0106,Home & Kitchen,West,10,120.0
ORD-100481,22-10-2025,CUST-0077,Clothing,East,3,25.0
ORD-100575,18-12-2025,CUST-0144,Clothing,Unknown,1,299.99
ORD-100033,28-04-2025,CUST-0056,Clothing,West,1,899.0
ORD-100031,24-12-2025,CUST-0060,Books,West,12,50.0
ORD-100231,13-06-2025,CUST-0003,Electronics,North,10,50.0
ORD-100701,21-02-2025,CUST-0041,Clothing,East,1,25.0
ORD-100333,19-03-2026,CUST-0075,Clothing,West,3,0.0
ORD-100003,23-05-2025,CUST-0119,Electronics,West,3,0.0
ORD-100204,04-11-2025,CUST-0025,Home & Kitchen,North,5,899.0
ORD-100514,03-01-2025,CUST-0148,Home & Kitchen,West,3,0.0
ORD-100799,15-01-2026,CUST-0004,Books,South,3,15.0
ORD-100306,06-10-2025,CUST-0028,Home & Kitchen,Unknown,4,0.0
ORD-100109,17-03-2025,CUST-0049,Electronics,West,4,45.5
ORD-100430,15-09-2025,CUST-0022,Home & Kitchen,West,4,15.0
ORD-100077,27-12-2025,CUST-0144,Books,West,1,45.5
ORD-100084,09-06-2025,CUST-0063,Clothing,South,3,299.99
ORD-100286,30-01-2025,CUST-0059,Home & Kitchen,South,2,120.0
ORD-100082,27-01-2025,CUST-0035,Clothing,East,1,50.0
ORD-100515,10-01-2025,CUST-0027,Electronics,West,1,120.0
ORD-100789,17-02-2025,CUST-0014,Home & Kitchen,East,5,50.0
ORD-100894,14-11-2025,CUST-0001,Electronics,Unknown,4,45.5
ORD-100398,08-08-2025,CUST_UNKNOWN,Electronics,East,5,25.0
ORD-100323,27-04-2025,CUST-0027,Clothing,West,12,45.5
ORD-100519,11-09-2025,CUST-0084,Books,East,5,120.0
ORD-100916,05-03-2025,CUST-0031,Clothing,North,10,299.99
ORD-100922,23-04-2025,CUST-0012,Books,North,12,50.0
ORD-100005,17-02-2025,CUST-0109,Electronics,Unknown,4,45.5
ORD-100731,23-06-2025,CUST-0133,Home & Kitchen,East,3,299.99
ORD-100465,09-08-2025,CUST-0030,Home & Kitchen,West,4,45.5
ORD-100097,04-02-2025,CUST-0011,Unknown,North,1,120.0
ORD-100266,13-08-2025,CUST-0139,Home & Kitchen,West,3,899.0
ORD-100357,16-05-2025,CUST-0020,Electronics,Unknown,1,45.5
ORD-100868,27-12-2025,CUST-0031,Books,West,12,899.0
ORD-100798,10-07-2025,CUST-0136,Home & Kitchen,North,10,120.0
ORD-100380,07-09-2025,CUST-0052,Home & Kitchen,North,4,899.0
ORD-100631,02-02-2025,CUST-0016,Clothing,South,12,899.0
ORD-100381,22-02-2025,CUST-0123,Electronics,North,1,45.5
ORD-100490,20-10-2025,CUST-0045,Books,West,3,45.5
ORD-100118,16-05-2025,CUST-0073,Home & Kitchen,South,5,25.0
ORD-100900,23-12-2025,CUST-0094,Electronics,South,4,45.5
ORD-100250,28-04-2026,CUST-0145,Electronics,North,10,45.5
ORD-100523,06-10-2025,CUST-0068,Home & Kitchen,South,4,25.0
ORD-100009,23-03-2025,CUST-0064,Home & Kitchen,North,5,0.0
ORD-100196,14-05-2026,CUST-0071,Home & Kitchen,Unknown,1,299.99
ORD-100603,23-08-2025,CUST-0069,Books,West,12,50.0
ORD-100081,02-02-2025,CUST-0136,Electronics,North,1,50.0
ORD-100783,01-03-2026,CUST-0053,Clothing,East,12,299.99
ORD-100587,12-03-2025,CUST-0057,Home & Kitchen,North,10,899.0
ORD-100797,03-05-2025,CUST-0019,Clothing,Unknown,5,15.0
ORD-100239,16-01-2026,CUST-0136,Home & Kitchen,East,10,25.0
ORD-100290,07-11-2025,CUST-0111,Books,North,1,15.0
ORD-100211,18-08-2025,CUST-0091,Clothing,South,3,15.0
ORD-100717,01-04-2025,CUST-0014,Home & Kitchen,West,10,25.0
ORD-100359,18-03-2026,CUST-0065,Electronics,West,4,15.0
ORD-100449,03-11-2026,CUST-0148,Books,North,5,299.99
ORD-100227,19-11-2025,CUST-0097,Clothing,Unknown,4,899.0
ORD-100950,12-01-2025,CUST-0060,Clothing,South,4,899.0
ORD-100946,16-09-2025,CUST-0039,Unknown,North,5,25.0
ORD-100796,06-07-2025,CUST-0022,Books,South,2,899.0
ORD-100501,11-10-2025,CUST-0111,Home & Kitchen,West,10,120.0
ORD-100464,05-06-2025,CUST-0022,Electronics,West,4,50.0
ORD-100362,06-01-2025,CUST-0022,Home & Kitchen,West,1,15.0
ORD-100468,08-09-2025,CUST-0080,Unknown,West,1,899.0
ORD-100935,05-12-2026,CUST-0075,Books,East,1,15.0
ORD-100428,04-02-2026,CUST-0138,Clothing,North,4,45.5
ORD-100007,19-12-2025,CUST-0098,Electronics,West,4,0.0
ORD-100155,21-04-2026,CUST-0141,Clothing,East,10,50.0
ORD-100541,20-02-2026,CUST-0031,Home & Kitchen,North,10,120.0
ORD-100440,16-05-2025,CUST-0028,Clothing,West,1,45.5
ORD-100482,12-10-2025,CUST-0012,Clothing,North,4,120.0
ORD-100422,12-04-2025,CUST-0137,Electronics,West,5,50.0
ORD-100778,14-03-2026,CUST-0064,Unknown,Unknown,2,45.5
ORD-100949,23-03-2025,CUST-0007,Books,West,4,15.0
ORD-100334,27-01-2025,CUST-0106,Home & Kitchen,North,12,45.5
ORD-100576,18-10-2025,CUST-0130,Books,North,3,50.0
ORD-100934,16-07-2025,CUST-0052,Books,Unknown,2,50.0
ORD-100567,15-05-2026,CUST-0116,Home & Kitchen,West,5,899.0
ORD-100594,12-01-2026,CUST-0044,Home & Kitchen,North,3,50.0
ORD-100581,23-05-2025,CUST-0114,Clothing,North,1,45.5
ORD-100707,03-05-2025,CUST-0034,Unknown,Unknown,10,45.5
ORD-100448,30-03-2026,CUST-0149,Home & Kitchen,North,1,25.0
ORD-100453,22-05-2025,CUST-0101,Electronics,Unknown,1,0.0
ORD-100228,23-01-2025,CUST-0142,Clothing,North,4,0.0
ORD-100352,23-08-2025,CUST-0112,Clothing,Unknown,4,45.5
ORD-100728,21-05-2025,CUST-0034,Books,Unknown,3,0.0
ORD-100212,18-02-2026,CUST-0069,Unknown,East,4,899.0
ORD-100079,28-07-2025,CUST-0107,Clothing,Unknown,3,0.0
ORD-100148,19-01-2025,CUST-0051,Books,East,10,25.0
ORD-100302,17-01-2026,CUST-0040,Unknown,North,4,15.0
ORD-100777,20-10-2025,CUST-0022,Clothing,Unknown,1,899.0
ORD-100506,15-01-2026,CUST_UNKNOWN,Unknown,West,12,45.5
ORD-100342,26-06-2025,CUST-0098,Books,North,3,25.0
ORD-100485,23-08-2025,CUST-0088,Electronics,Unknown,10,45.5
ORD-100711,30-06-2025,CUST-0024,Clothing,East,5,45.5
ORD-100133,24-08-2025,CUST-0095,Electronics,Unknown,3,45.5
ORD-100703,19-01-2025,CUST-0117,Electronics,West,4,50.0
ORD-100311,19-07-2025,CUST-0093,Unknown,North,4,50.0
ORD-100722,28-03-2026,CUST-0024,Clothing,West,12,45.5
ORD-100629,04-10-2026,CUST-0053,Electronics,North,10,120.0
ORD-100000,02-07-2026,CUST-0001,Books,South,1,15.0
ORD-100316,16-05-2025,CUST-0048,Electronics,East,5,45.5
ORD-100706,12-07-2025,CUST-0052,Home & Kitchen,North,3,299.99
ORD-100547,26-11-2025,CUST-0037,Clothing,North,10,45.5
ORD-100872,15-03-2025,CUST-0070,Electronics,South,1,25.0
ORD-100532,17-03-2025,CUST-0090,Clothing,North,2,899.0
ORD-100477,24-01-2026,CUST-0113,Electronics,West,4,899.0
ORD-100404,20-11-2025,CUST-0054,Books,Unknown,10,50.0
ORD-100172,14-09-2025,CUST-0020,Clothing,Unknown,4,45.5
ORD-100125,25-10-2025,CUST-0093,Clothing,North,2,899.0
ORD-100394,16-05-2025,CUST-0094,Unknown,West,4,899.0
ORD-100420,20-05-2025,CUST-0150,Electronics,East,1,45.5
ORD-100552,10-07-2025,CUST-0036,Home & Kitchen,North,12,299.99
ORD-100903,16-09-2025,CUST-0046,Unknown,Unknown,5,0.0
ORD-100090,02-06-2025,CUST-0095,Clothing,West,10,45.5
ORD-100939,19-07-2025,CUST-0119,Clothing,North,4,15.0
ORD-100181,16-09-2025,CUST-0056,Home & Kitchen,West,4,899.0
ORD-100274,23-04-2025,CUST-0026,Electronics,West,4,899.0
ORD-100895,15-10-2025,CUST-0012,Home & Kitchen,North,1,50.0
ORD-100069,19-07-2025,CUST-0138,Unknown,West,4,45.5
ORD-100291,02-02-2026,CUST-0048,Clothing,Unknown,4,899.0
ORD-100131,29-09-2025,CUST-0082,Electronics,North,4,50.0
ORD-100300,18-04-2025,CUST-0040,Home & Kitchen,North,5,50.0
ORD-100424,05-03-2025,CUST-0108,Electronics,East,1,45.5
ORD-100326,18-03-2025,CUST-0091,Electronics,West,4,0.0
ORD-100144,15-08-2025,CUST-0149,Books,South,4,0.0
ORD-100423,15-01-2025,CUST-0130,Unknown,West,12,25.0
ORD-100580,01-06-2026,CUST-0107,Books,West,4,25.0
ORD-100135,18-08-2025,CUST-0106,Books,West,12,0.0
ORD-100450,10-06-2025,CUST-0057,Books,Unknown,2,899.0
ORD-100164,15-03-2026,CUST-0036,Electronics,West,12,50.0
ORD-100028,17-03-2025,CUST-0012,Electronics,South,2,25.0
ORD-100773,27-05-2025,CUST-0081,Books,West,1,15.0
ORD-100193,14-12-2025,CUST-0004,Home & Kitchen,West,5,50.0
ORD-100388,20-01-2026,CUST-0148,Clothing,North,1,15.0
ORD-100852,09-06-2025,CUST-0080,Home & Kitchen,West,2,15.0
ORD-100169,05-02-2025,CUST-0016,Electronics,North,1,120.0
ORD-100705,15-04-2025,CUST-0110,Clothing,West,1,0.0
ORD-100173,15-05-2026,CUST-0013,Books,East,1,25.0
ORD-100006,12-04-2025,CUST-0137,Clothing,West,4,299.99
ORD-100745,10-06-2025,CUST-0027,Electronics,North,5,0.0
ORD-100478,28-04-2026,CUST-0116,Electronics,Unknown,4,25.0
ORD-100073,08-01-2025,CUST-0077,Electronics,North,2,50.0
ORD-100910,17-03-2025,CUST-0107,Unknown,West,1,120.0
ORD-100813,13-08-2025,CUST-0018,Home & Kitchen,South,5,0.0
ORD-100238,21-04-2026,CUST-0025,Unknown,South,1,15.0
ORD-100145,04-02-2025,CUST-0107,Books,West,2,45.5
ORD-100792,27-05-2025,CUST-0099,Home & Kitchen,Unknown,1,899.0
ORD-100234,31-01-2025,CUST-0128,Unknown,North,1,15.0
ORD-100220,23-04-2026,CUST-0058,Clothing,North,1,0.0
ORD-100923,24-07-2025,CUST-0103,Books,East,5,45.5
ORD-100500,18-02-2025,CUST-0048,Home & Kitchen,North,5,0.0
ORD-100132,21-11-2025,CUST-0053,Home & Kitchen,Unknown,1,45.5
ORD-100774,06-05-2026,CUST-0036,Unknown,West,5,50.0
ORD-100185,19-06-2025,CUST-0016,Clothing,East,4,0.0
ORD-100041,27-05-2025,CUST-0148,Clothing,North,1,120.0
ORD-100696,06-09-2025,CUST-0012,Electronics,North,12,25.0
ORD-100108,16-03-2026,CUST-0055,Home & Kitchen,West,1,50.0
ORD-100588,16-05-2025,CUST-0075,Clothing,Unknown,12,0.0
ORD-100056,05-07-2026,CUST-0143,Clothing,North,10,45.5
ORD-100405,27-03-2026,CUST-0113,Unknown,West,3,25.0
ORD-100442,20-12-2025,CUST-0026,Electronics,South,3,45.5
ORD-100757,19-06-2025,CUST-0043,Clothing,Unknown,1,45.5
ORD-100572,07-03-2025,CUST-0035,Books,West,4,25.0
ORD-100024,22-03-2026,CUST-0009,Home & Kitchen,North,4,899.0
ORD-100467,23-05-2025,CUST-0090,Clothing,North,5,0.0
ORD-100539,25-01-2025,CUST-0035,Electronics,South,2,50.0
ORD-100531,26-05-2025,CUST-0030,Electronics,West,4,50.0
ORD-100618,21-09-2025,CUST-0090,Electronics,South,2,120.0
ORD-100694,12-10-2025,CUST-0088,Home & Kitchen,West,10,45.5
ORD-100926,04-07-2026,CUST-0073,Clothing,North,2,15.0
ORD-100338,01-05-2025,CUST-0063,Unknown,West,4,15.0
ORD-100051,02-06-2026,CUST-0016,Electronics,West,1,120.0
ORD-100507,07-08-2025,CUST-0110,Clothing,Unknown,4,45.5
ORD-100516,08-04-2025,CUST-0138,Home & Kitchen,South,1,899.0
ORD-100920,10-10-2025,CUST-0058,Clothing,North,4,45.5
ORD-100781,06-07-2025,CUST-0007,Books,Unknown,3,25.0
ORD-100264,17-01-2025,CUST-0146,Home & Kitchen,North,12,15.0
ORD-100817,17-02-2026,CUST-0011,Home & Kitchen,North,12,120.0
ORD-100710,15-03-2026,CUST-0071,Home & Kitchen,North,2,0.0
ORD-100682,05-06-2025,CUST-0110,Home & Kitchen,East,10,45.5
ORD-100832,11-01-2025,CUST-0080,Electronics,East,2,45.5
ORD-100518,20-11-2025,CUST-0094,Clothing,Unknown,1,25.0
ORD-100447,29-11-2025,CUST-0143,Electronics,North,12,299.99
ORD-100018,05-05-2025,CUST-0005,Home & Kitchen,North,3,45.5
ORD-100715,10-03-2025,CUST-0096,Unknown,Unknown,2,45.5
ORD-100483,26-04-2026,CUST-0030,Electronics,Unknown,10,25.0
ORD-100568,28-04-2026,CUST-0014,Unknown,South,1,899.0
ORD-100433,28-01-2026,CUST-0091,Books,North,1,0.0
ORD-100367,14-06-2025,CUST-0078,Clothing,South,10,50.0
ORD-100083,20-08-2025,CUST-0100,Electronics,West,12,299.99
ORD-100061,20-04-2025,CUST-0135,Electronics,North,3,45.5
ORD-100638,13-08-2025,CUST-0044,Clothing,West,3,120.0
ORD-100272,16-05-2025,CUST-0089,Books,Unknown,12,120.0
ORD-100285,27-12-2025,CUST-0126,Electronics,East,12,25.0
ORD-100354,31-05-2025,CUST-0108,Home & Kitchen,West,4,15.0
ORD-100456,22-04-2026,CUST-0129,Electronics,West,10,0.0
ORD-100278,13-01-2026,CUST-0088,Clothing,North,3,899.0
ORD-100012,26-06-2025,CUST-0040,Clothing,South,10,120.0
ORD-100182,30-03-2026,CUST-0130,Clothing,West,10,50.0
ORD-100368,02-08-2025,CUST-0002,Electronics,West,1,50.0
ORD-100881,17-04-2026,CUST-0093,Unknown,West,4,899.0
ORD-100615,11-07-2025,CUST-0009,Electronics,West,5,120.0
ORD-100098,02-01-2025,CUST-0019,Electronics,North,12,45.5
ORD-100653,16-05-2025,CUST-0038,Clothing,West,10,299.99
ORD-100545,29-09-2025,CUST-0047,Unknown,South,4,45.5
ORD-100582,06-11-2025,CUST-0126,Electronics,South,4,25.0
ORD-100633,30-01-2026,CUST-0090,Home & Kitchen,South,4,50.0
ORD-100176,22-10-2025,CUST-0036,Home & Kitchen,North,1,50.0
ORD-100665,22-02-2025,CUST-0024,Books,Unknown,1,50.0
ORD-100673,12-10-2025,CUST-0149,Electronics,North,12,45.5
ORD-100585,17-03-2026,CUST-0145,Home & Kitchen,North,5,120.0
ORD-100873,23-04-2025,CUST-0135,Home & Kitchen,Unknown,12,299.99
ORD-100393,10-10-2025,CUST-0101,Electronics,North,5,15.0
ORD-100163,05-02-2025,CUST-0044,Unknown,North,2,0.0
ORD-100248,13-04-2025,CUST-0072,Electronics,West,4,120.0
ORD-100634,09-01-2026,CUST-0137,Home & Kitchen,West,3,120.0
ORD-100885,19-06-2025,CUST-0043,Books,North,1,299.99
ORD-100669,08-11-2025,CUST-0095,Unknown,South,10,45.5
ORD-100375,16-06-2025,CUST-0111,Electronics,North,5,45.5
ORD-100412,26-01-2026,CUST-0062,Clothing,Unknown,1,0.0
ORD-100074,27-04-2025,CUST-0037,Electronics,South,10,45.5
ORD-100113,23-03-2026,CUST-0053,Home & Kitchen,West,4,899.0
ORD-100598,23-02-2026,CUST-0141,Clothing,North,1,45.5
ORD-100846,13-04-2026,CUST-0063,Electronics,West,5,45.5
ORD-100390,08-08-2025,CUST-0084,Clothing,North,4,25.0
ORD-100104,16-05-2025,CUST-0054,Home & Kitchen,North,1,45.5
ORD-100114,27-05-2025,CUST-0102,Unknown,West,12,25.0
ORD-100417,01-09-2026,CUST-0019,Home & Kitchen,North,2,45.5
ORD-100525,02-01-2026,CUST-0136,Clothing,West,1,45.5
ORD-100457,16-05-2025,CUST-0039,Unknown,West,12,899.0
ORD-100409,27-12-2025,CUST-0128,Clothing,West,1,50.0
ORD-100092,14-05-2026,CUST-0138,Unknown,North,5,50.0
ORD-100930,16-05-2025,CUST-0142,Electronics,West,1,899.0
ORD-100089,05-07-2025,CUST-0116,Clothing,West,1,45.5
ORD-100336,13-04-2025,CUST-0022,Home & Kitchen,North,1,45.5
ORD-100921,22-07-2025,CUST-0133,Clothing,West,10,45.5
ORD-100933,15-03-2026,CUST-0095,Unknown,South,12,120.0
ORD-100605,03-02-2026,CUST-0094,Home & Kitchen,West,2,50.0
ORD-100593,14-05-2025,CUST-0074,Clothing,North,4,45.5
ORD-100611,02-12-2026,CUST-0109,Electronics,Unknown,1,50.0
ORD-100094,06-10-2025,CUST-0014,Home & Kitchen,Unknown,1,45.5
ORD-100011,21-11-2025,CUST-0089,Unknown,West,5,15.0
ORD-100396,28-04-2026,CUST-0145,Books,West,4,899.0
ORD-100533,10-10-2025,CUST-0091,Unknown,East,1,120.0
ORD-100043,01-06-2025,CUST-0061,Books,West,4,899.0
ORD-100042,06-06-2025,CUST-0083,Clothing,North,5,45.5
ORD-100329,16-03-2026,CUST-0022,Unknown,Unknown,4,45.5
ORD-100167,25-01-2026,CUST-0048,Books,North,4,120.0
ORD-100497,14-10-2025,CUST-0060,Electronics,North,1,50.0
ORD-100876,26-03-2026,CUST-0148,Clothing,West,12,15.0
ORD-100597,20-01-2025,CUST-0127,Unknown,East,3,299.99
ORD-100756,01-10-2026,CUST-0003,Unknown,South,10,899.0
ORD-100100,08-05-2025,UNKNOWN,Home & Kitchen,North,4,45.5
ORD-100426,21-11-2025,CUST-0010,Books,North,12,0.0
ORD-100178,29-01-2026,CUST-0018,Electronics,South,10,45.5
ORD-100444,16-12-2025,CUST-0057,Electronics,North,2,299.99
ORD-100416,22-02-2025,CUST-0097,Electronics,South,1,899.0
ORD-100870,10-07-2025,CUST-0086,Books,West,10,45.5
ORD-100882,06-07-2025,CUST-0015,Books,South,2,45.5
ORD-100680,02-12-2026,CUST-0102,Electronics,North,4,15.0
ORD-100177,17-09-2025,CUST-0060,Clothing,East,4,120.0
ORD-100395,17-01-2025,CUST-0030,Clothing,West,4,25.0
ORD-100911,13-11-2025,CUST-0082,Clothing,East,4,50.0
ORD-100793,12-04-2025,CUST-0029,Clothing,North,2,0.0
ORD-100684,18-01-2026,CUST-0127,Clothing,North,5,899.0
ORD-100383,20-04-2026,CUST-0046,Clothing,South,12,0.0
ORD-100956,16-05-2025,CUST-0097,Books,West,2,299.99
ORD-100751,05-05-2025,CUST-0035,Unknown,West,1,15.0
ORD-100257,23-09-2025,CUST-0037,Home & Kitchen,South,10,25.0
ORD-100538,20-01-2026,CUST-0022,Home & Kitchen,Unknown,12,899.0
ORD-100335,11-07-2025,CUST-0100,Electronics,North,12,899.0
ORD-100015,21-04-2026,CUST-0029,Home & Kitchen,West,10,120.0
ORD-100324,25-03-2026,CUST-0007,Home & Kitchen,South,2,120.0
ORD-100758,16-05-2025,CUST-0113,Clothing,East,10,45.5
ORD-100222,10-02-2025,CUST-0021,Unknown,North,3,25.0
ORD-100179,16-06-2025,CUST-0039,Electronics,Unknown,2,120.0
ORD-100421,01-11-2025,CUST-0103,Books,South,1,15.0
ORD-100022,26-05-2025,CUST-0026,Electronics,Unknown,5,120.0
ORD-100356,19-04-2026,CUST-0124,Clothing,West,1,899.0
ORD-100666,02-10-2025,CUST-0104,Unknown,East,12,0.0
ORD-100861,14-07-2025,CUST-0134,Electronics,Unknown,10,120.0
ORD-100340,04-10-2025,CUST-0134,Home & Kitchen,South,1,299.99
ORD-100431,02-03-2025,CUST-0028,Clothing,West,3,299.99
ORD-100551,23-04-2025,CUST-0022,Clothing,East,4,299.99
ORD-100833,06-04-2025,CUST-0021,Clothing,South,4,120.0
ORD-100203,18-01-2026,CUST-0028,Home & Kitchen,North,3,25.0
ORD-100630,10-04-2025,CUST-0053,Home & Kitchen,West,3,45.5
ORD-100093,17-04-2026,CUST-0049,Electronics,North,1,50.0
ORD-100558,17-03-2026,CUST-0138,Books,South,1,0.0
ORD-100068,05-08-2025,CUST-0048,Clothing,Unknown,5,15.0
ORD-100622,09-01-2025,CUST-0061,Home & Kitchen,North,5,15.0
ORD-100284,22-01-2026,CUST-0116,Clothing,East,2,45.5
ORD-100844,25-11-2025,CUST-0062,Unknown,West,5,120.0
ORD-100434,17-09-2025,CUST-0043,Clothing,North,10,25.0
ORD-100153,17-03-2026,CUST-0063,Books,South,10,50.0
ORD-100075,17-09-2025,CUST-0119,Books,South,5,45.5
ORD-100730,22-02-2025,CUST-0058,Clothing,South,3,899.0
ORD-100446,20-06-2025,CUST-0133,Home & Kitchen,West,1,149.0
ORD-100188,30-04-2025,CUST-0005,Clothing,South,12,899.0
ORD-100271,29-01-2026,CUST-0129,Books,West,2,45.5
ORD-100236,17-04-2026,CUST-0085,Home & Kitchen,West,3,25.0
ORD-100487,20-03-2025,CUST-0043,Electronics,West,4,299.0
ORD-100117,08-01-2025,CUST-0083,Electronics,South,12,120.0
ORD-100512,24-03-2026,CUST-0072,Clothing,North,12,120.0
ORD-100825,05-08-2025,CUST-0103,Home & Kitchen,West,4,15.0
ORD-100591,17-02-2025,CUST-0058,Electronics,North,3,299.99
ORD-100126,16-05-2025,CUST-0132,Unknown,South,10,299.99
ORD-100116,23-02-2026,CUST-0142,Clothing,North,5,299.99
ORD-100473,20-04-2026,CUST-0124,Home & Kitchen,North,1,25.0
ORD-100693,02-07-2026,CUST-0125,Home & Kitchen,West,10,120.0
ORD-100057,19-03-2025,CUST-0127,Books,East,12,45.5
ORD-100863,05-06-2025,CUST-0067,Books,West,1,45.5
ORD-100912,21-03-2025,CUST-0070,Clothing,East,2,50.0
ORD-100369,16-05-2025,CUST-0102,Clothing,Unknown,1,45.5
ORD-100268,23-11-2025,CUST-0099,Electronics,South,4,0.0
ORD-100046,18-03-2026,CUST-0134,Unknown,North,10,15.0
ORD-100349,18-01-2026,CUST-0038,Home & Kitchen,East,12,120.0
ORD-100195,13-01-2026,CUST-0136,Clothing,East,4,899.0
ORD-100834,21-03-2025,CUST-0131,Books,North,1,45.5
ORD-100736,01-01-2026,CUST-0031,Unknown,Unknown,5,0.0
ORD-100263,02-11-2026,CUST-0062,Electronics,Unknown,1,120.0
ORD-100443,28-12-2025,CUST-0067,Clothing,North,4,899.0
ORD-100675,05-05-2025,CUST-0024,Clothing,South,1,25.0
ORD-100304,19-03-2026,CUST-0082,Clothing,Unknown,2,50.0
ORD-100341,23-12-2025,CUST-0044,Books,North,2,25.0
ORD-100149,28-04-2026,CUST-0085,Home & Kitchen,East,4,299.99
ORD-100124,22-04-2026,CUST-0067,Home & Kitchen,South,5,50.0
ORD-100786,06-07-2025,CUST-0049,Clothing,West,4,299.99
ORD-100050,24-07-2025,CUST-0071,Home & Kitchen,North,3,299.99
ORD-100353,24-04-2026,CUST-0071,Clothing,North,12,120.0
ORD-100927,19-04-2025,CUST-0080,Electronics,South,12,50.0
ORD-100142,28-04-2026,CUST-0142,Home & Kitchen,East,10,25.0
ORD-100470,17-05-2025,CUST-0117,Books,Unknown,2,120.0
ORD-100399,05-06-2025,CUST-0140,Unknown,North,2,25.0
ORD-100625,12-10-2025,CUST-0090,Unknown,North,4,120.0
ORD-100320,02-12-2026,CUST-0143,Home & Kitchen,North,5,299.99
ORD-100019,19-04-2025,CUST-0062,Home & Kitchen,North,1,0.0
ORD-100809,29-12-2025,CUST-0121,Home & Kitchen,West,2,15.0
ORD-100790,29-09-2025,CUST-0062,Unknown,West,4,45.5
ORD-100808,14-05-2025,CUST-0045,Unknown,East,1,45.5
ORD-100407,14-07-2025,CUST-0018,Home & Kitchen,South,2,899.0
ORD-100537,06-07-2025,CUST_UNKNOWN,Electronics,West,1,0.0
ORD-100620,27-11-2025,CUST-0113,Home & Kitchen,West,3,299.99
ORD-100038,03-09-2025,CUST-0060,Unknown,West,5,0.0
ORD-100175,06-04-2026,CUST-0106,Clothing,South,4,899.0
ORD-100245,30-03-2026,CUST-0070,Home & Kitchen,Unknown,4,15.0
ORD-100828,24-02-2025,CUST-0138,Unknown,East,1,299.99
ORD-100667,03-03-2026,CUST-0132,Electronics,South,2,50.0
ORD-100754,08-03-2025,CUST-0136,Clothing,South,4,45.5
ORD-100858,17-02-2026,CUST-0042,Electronics,North,4,45.5
ORD-100154,23-03-2026,CUST-0128,Clothing,North,4,50.0
ORD-100287,10-02-2025,CUST-0092,Clothing,North,1,899.0
ORD-100602,19-03-2026,CUST-0030,Electronics,West,2,299.99
ORD-100569,16-05-2025,CUST-0092,Home & Kitchen,North,1,120.0
ORD-100743,02-03-2025,CUST-0023,Clothing,East,4,899.0
ORD-100017,15-07-2025,CUST-0108,Electronics,North,3,149.0
ORD-100127,18-09-2025,CUST-0128,Unknown,West,10,299.99
ORD-100322,03-06-2025,CUST-0105,Clothing,East,4,0.0
ORD-100255,25-02-2026,CUST-0054,Clothing,North,12,15.0
ORD-100657,16-05-2025,CUST-0126,Clothing,North,1,120.0
ORD-100819,02-04-2025,CUST-0102,Home & Kitchen,East,3,299.99
ORD-100190,25-02-2025,CUST-0137,Clothing,West,2,45.5
ORD-100115,16-05-2025,CUST-0062,Electronics,Unknown,5,45.5
ORD-100616,10-03-2025,CUST-0116,Clothing,West,3,50.0
ORD-100606,21-04-2026,CUST-0139,Books,North,3,299.99
ORD-100180,19-04-2025,CUST-0003,Home & Kitchen,South,12,50.0
ORD-100301,03-07-2025,CUST-0098,Unknown,West,1,25.0
ORD-100759,16-05-2025,CUST-0090,Unknown,South,2,50.0
ORD-100712,23-03-2025,CUST-0093,Electronics,North,4,25.0
ORD-100723,16-05-2025,CUST-0025,Electronics,East,3,0.0
ORD-100685,08-05-2025,CUST-0069,Clothing,Unknown,5,15.0
ORD-100288,25-02-2025,CUST-0142,Electronics,West,3,50.0
ORD-100517,06-07-2025,CUST-0048,Clothing,West,12,299.99
ORD-100348,23-01-2025,CUST-0127,Books,South,3,45.5
ORD-100045,25-02-2025,CUST-0037,Electronics,North,5,899.0
ORD-100909,13-04-2026,CUST-0064,Electronics,West,4,15.0
ORD-100157,25-08-2025,CUST-0066,Clothing,North,4,0.0
ORD-100851,22-02-2025,CUST-0015,Home & Kitchen,Unknown,1,45.5
ORD-100171,16-05-2025,CUST-0009,Electronics,East,2,25.0
ORD-100016,17-05-2025,CUST-0009,Clothing,East,1,45.5
ORD-100511,17-01-2025,CUST-0053,Electronics,North,5,50.0
ORD-100048,05-06-2026,CUST-0106,Clothing,West,3,899.0
ORD-100940,26-01-2025,CUST-0095,Home & Kitchen,West,10,15.0
ORD-100952,05-08-2025,CUST-0089,Clothing,South,5,15.0
ORD-100480,18-02-2026,CUST-0018,Unknown,West,5,120.0
ORD-100283,13-04-2025,CUST-0070,Electronics,North,2,15.0
ORD-100718,22-03-2026,CUST-0102,Unknown,West,4,45.5
ORD-100877,02-05-2025,CUST-0020,Electronics,Unknown,12,299.99
ORD-100225,24-03-2026,CUST-0104,Books,North,3,25.0
ORD-100026,24-06-2025,CUST-0013,Clothing,North,1,45.5
ORD-100954,19-03-2026,CUST-0086,Electronics,Unknown,4,120.0
ORD-100437,02-06-2026,CUST-0103,Home & Kitchen,Unknown,4,15.0
ORD-100951,19-12-2025,CUST-0139,Clothing,Unknown,5,45.5
ORD-100364,09-01-2026,CUST-0118,Home & Kitchen,West,5,45.5
ORD-100229,17-01-2025,CUST-0122,Electronics,South,12,899.0
ORD-100037,04-10-2026,CUST-0075,Unknown,North,2,299.99
ORD-100308,19-01-2026,CUST-0002,Home & Kitchen,East,2,45.5
ORD-100374,15-04-2025,CUST-0086,Unknown,South,3,899.0
ORD-100469,16-05-2025,CUST-0088,Electronics,East,4,0.0
ORD-100850,18-04-2025,CUST-0117,Electronics,East,4,0.0
ORD-100704,04-10-2025,CUST-0001,Home & Kitchen,West,10,15.0
ORD-100841,16-05-2025,CUST-0017,Clothing,East,1,25.0
ORD-100194,12-11-2025,CUST-0005,Unknown,West,4,25.0
ORD-100854,05-12-2025,CUST-0031,Electronics,West,4,15.0
ORD-100864,24-08-2025,CUST-0043,Electronics,East,3,15.0
ORD-100503,16-05-2025,CUST-0008,Books,South,1,299.99
ORD-100830,06-11-2025,CUST-0072,Home & Kitchen,North,1,25.0
ORD-100579,10-10-2025,CUST-0126,Books,West,12,899.0
ORD-100162,16-05-2025,CUST-0091,Home & Kitchen,East,1,299.99
ORD-100908,11-12-2025,CUST-0083,Electronics,North,2,899.0
ORD-100152,14-07-2025,CUST-0146,Home & Kitchen,West,5,45.5
ORD-100801,12-04-2025,CUST-0082,Books,North,5,15.0
ORD-100755,25-02-2026,CUST-0145,Unknown,West,10,299.99
ORD-100111,18-03-2026,CUST-0123,Electronics,East,2,50.0
ORD-100226,12-09-2025,CUST-0098,Books,West,10,899.0
ORD-100688,02-09-2025,CUST-0087,Clothing,North,1,25.0
ORD-100103,23-12-2025,CUST-0123,Books,North,1,0.0
ORD-100419,07-01-2025,CUST-0123,Books,North,1,45.5
ORD-100750,25-03-2025,CUST-0098,Clothing,South,12,299.0
ORD-100586,20-03-2025,CUST-0008,Electronics,Unknown,4,25.0
ORD-100780,02-10-2025,CUST-0073,Clothing,North,3,899.0
ORD-100672,14-07-2025,CUST-0084,Home & Kitchen,North,12,299.99
ORD-100119,05-08-2026,CUST-0098,Home & Kitchen,South,1,120.0
ORD-100053,29-01-2026,CUST_UNKNOWN,Books,North,4,45.5
ORD-100151,25-08-2025,CUST-0098,Home & Kitchen,West,1,50.0
ORD-100403,01-01-2026,CUST-0119,Clothing,West,4,45.5
ORD-100945,17-11-2025,CUST-0063,Unknown,West,1,25.0
ORD-100207,01-01-2025,CUST-0062,Electronics,Unknown,4,899.0
ORD-100658,28-04-2026,CUST-0037,Clothing,East,1,25.0
ORD-100762,04-12-2025,CUST-0106,Home & Kitchen,Unknown,12,45.5
ORD-100008,23-02-2026,CUST-0059,Books,Unknown,5,45.5
ORD-100807,19-12-2025,CUST-0140,Unknown,North,4,120.0
ORD-100036,01-03-2025,CUST-0129,Home & Kitchen,East,2,45.5
ORD-100452,12-12-2025,CUST-0096,Books,North,12,45.5
ORD-100651,24-06-2025,CUST-0034,Books,North,3,50.0
ORD-100253,12-06-2025,CUST-0081,Clothing,East,3,120.0
ORD-100303,17-03-2026,CUST-0100,Electronics,West,4,899.0
ORD-100746,01-02-2026,CUST-0081,Books,East,1,0.0
ORD-100571,15-08-2025,CUST-0125,Electronics,North,5,25.0
ORD-100623,16-05-2025,CUST-0054,Clothing,East,4,299.99
ORD-100732,29-04-2026,CUST-0114,Home & Kitchen,North,3,299.99
ORD-100891,25-07-2025,CUST-0030,Home & Kitchen,East,3,50.0
ORD-100262,15-07-2025,CUST-0145,Unknown,South,10,45.5
ORD-100610,02-02-2025,CUST-0056,Clothing,North,4,25.0
ORD-100297,13-08-2025,CUST-0019,Unknown,North,1,15.0
ORD-100414,16-05-2025,CUST-0040,Home & Kitchen,Unknown,4,25.0
ORD-100150,16-05-2025,CUST-0059,Clothing,South,4,50.0
ORD-100788,16-05-2026,CUST-0076,Electronics,Unknown,2,45.5
ORD-100640,12-10-2025,CUST-0075,Unknown,South,4,0.0
ORD-100889,03-10-2026,CUST-0027,Clothing,Unknown,3,25.0
ORD-100550,16-05-2025,CUST-0108,Unknown,East,1,0.0
ORD-100886,28-09-2025,CUST-0095,Electronics,North,4,899.0
ORD-100488,16-05-2025,CUST-0063,Books,North,4,45.5
ORD-100146,15-08-2025,CUST-0076,Electronics,North,3,45.5
ORD-100720,26-03-2025,CUST-0060,Clothing,Unknown,12,120.0
ORD-100931,29-06-2025,CUST-0117,Clothing,West,10,120.0
ORD-100739,04-10-2026,CUST-0123,Clothing,North,5,25.0
ORD-100659,29-03-2025,CUST-0148,Unknown,West,1,50.0
ORD-100463,18-03-2026,CUST-0107,Electronics,Unknown,12,25.0
ORD-100325,31-08-2025,CUST-0023,Books,North,2,45.5
ORD-100186,08-09-2025,CUST-0124,Home & Kitchen,Unknown,3,50.0
ORD-100123,11-10-2025,CUST-0079,Electronics,East,3,15.0
ORD-100853,06-08-2025,CUST-0045,Electronics,East,4,899.0
ORD-100608,23-06-2025,CUST-0113,Home & Kitchen,West,3,899.0
ORD-100143,02-08-2025,CUST-0150,Clothing,North,1,25.0
ORD-100958,03-07-2026,CUST-0027,Home & Kitchen,North,3,45.5
ORD-100197,22-05-2025,CUST-0138,Clothing,East,4,0.0
ORD-100609,17-09-2025,CUST-0140,Clothing,North,1,899.0
ORD-100279,17-09-2025,CUST-0022,Electronics,South,5,120.0
ORD-100293,29-10-2025,CUST-0098,Books,West,10,299.99
ORD-100400,16-05-2025,CUST-0047,Clothing,South,1,50.0
ORD-100122,12-02-2025,CUST-0092,Books,Unknown,3,0.0
ORD-100183,19-10-2025,CUST-0117,Clothing,West,1,120.0
ORD-100202,01-04-2026,CUST-0046,Electronics,West,1,25.0
ORD-100438,23-05-2025,CUST-0085,Unknown,North,1,50.0
ORD-100246,02-02-2026,CUST-0012,Unknown,East,3,899.0
ORD-100415,26-01-2026,CUST-0109,Home & Kitchen,Unknown,1,50.0
ORD-100765,26-03-2026,CUST-0023,Electronics,North,4,15.0
ORD-100906,20-01-2026,CUST-0108,Home & Kitchen,Unknown,5,899.0
ORD-100835,18-03-2026,CUST-0053,Books,East,1,899.0
ORD-100887,16-05-2025,CUST-0041,Unknown,West,1,45.5
ORD-100129,29-01-2025,CUST-0026,Clothing,North,10,15.0
ORD-100637,29-03-2026,CUST-0138,Electronics,South,10,15.0
ORD-100402,05-06-2025,CUST-0007,Home & Kitchen,North,2,120.0
ORD-100784,23-08-2025,CUST-0133,Clothing,North,3,45.5
ORD-100770,04-10-2026,CUST-0099,Clothing,North,4,299.99
ORD-100735,04-08-2025,CUST-0088,Home & Kitchen,West,1,15.0
ORD-100913,05-10-2025,CUST-0020,Clothing,East,10,120.0
ORD-100219,04-12-2025,CUST-0063,Home & Kitchen,Unknown,1,45.5
ORD-100641,02-05-2025,CUST-0075,Books,North,4,299.99
ORD-100915,01-01-2025,CUST-0096,Home & Kitchen,North,1,120.0
ORD-100752,24-07-2025,CUST-0037,Unknown,West,10,899.0
ORD-100806,14-12-2025,CUST-0094,Clothing,North,4,25.0
ORD-100919,28-12-2025,CUST-0046,Home & Kitchen,East,4,0.0
ORD-100624,23-03-2026,UNKNOWN,Electronics,South,4,45.5
ORD-100874,20-10-2025,CUST-0017,Home & Kitchen,West,5,0.0
ORD-100760,04-09-2025,CUST-0055,Electronics,South,1,120.0
ORD-100386,22-04-2025,CUST-0075,Unknown,East,3,45.5
ORD-100509,27-11-2025,CUST-0002,Home & Kitchen,North,12,15.0
ORD-100267,30-04-2026,CUST-0085,Home & Kitchen,South,1,120.0
ORD-100441,16-05-2025,CUST-0003,Home & Kitchen,Unknown,3,899.0
ORD-100496,27-04-2026,CUST-0119,Unknown,Unknown,5,45.5
ORD-100112,26-04-2026,CUST-0063,Unknown,South,1,45.5
ORD-100691,27-04-2025,CUST-0034,Home & Kitchen,North,12,120.0
ORD-100232,14-03-2026,CUST-0044,Electronics,East,4,45.5
ORD-100869,27-02-2025,CUST-0008,Home & Kitchen,Unknown,4,45.5
ORD-100607,24-03-2025,CUST-0011,Electronics,East,4,45.5
ORD-100671,05-04-2026,CUST-0125,Clothing,West,4,899.0
ORD-100373,01-10-2025,CUST-0113,Unknown,North,12,120.0
ORD-100842,13-03-2026,CUST-0080,Clothing,South,4,50.0
ORD-100233,18-04-2026,CUST-0022,Home & Kitchen,North,1,15.0
ORD-100785,03-09-2025,CUST-0131,Electronics,East,10,25.0
ORD-100676,17-04-2026,CUST-0118,Clothing,West,12,50.0
ORD-100317,05-12-2025,CUST-0111,Books,North,12,15.0
ORD-100648,06-04-2025,CUST-0016,Home & Kitchen,West,4,899.0
ORD-100410,02-11-2025,CUST-0036,Electronics,North,1,50.0
ORD-100898,25-09-2025,CUST-0012,Home & Kitchen,North,2,15.0
ORD-100709,16-05-2025,CUST-0041,Home & Kitchen,West,10,25.0
ORD-100358,17-01-2025,CUST-0093,Unknown,East,4,899.0
ORD-100258,14-11-2025,CUST-0102,Home & Kitchen,Unknown,5,45.5
ORD-100744,01-04-2026,CUST-0027,Electronics,South,1,899.0
ORD-100627,19-01-2025,CUST-0043,Books,North,4,25.0
ORD-100632,04-08-2026,CUST-0146,Electronics,North,10,899.0
ORD-100282,20-04-2025,CUST-0008,Home & Kitchen,South,4,25.0
ORD-100376,12-04-2025,CUST-0022,Home & Kitchen,North,1,899.0
ORD-100384,19-08-2025,CUST-0102,Books,North,12,50.0
ORD-100224,10-07-2025,CUST-0024,Electronics,North,2,0.0
ORD-100953,13-03-2026,CUST-0003,Home & Kitchen,West,12,50.0
ORD-100472,16-05-2025,CUST-0134,Electronics,West,1,45.5
ORD-100347,08-12-2025,CUST-0069,Home & Kitchen,South,4,45.5
ORD-100505,20-04-2025,CUST-0116,Books,West,4,120.0
ORD-100639,08-05-2025,CUST-0083,Clothing,North,3,120.0
ORD-100166,24-11-2025,CUST-0126,Electronics,West,3,299.0
ORD-100928,16-05-2025,CUST-0084,Books,North,3,120.0
ORD-100905,30-04-2026,CUST-0142,Electronics,West,12,299.99
ORD-100619,20-01-2026,CUST-0023,Clothing,Unknown,3,899.0
ORD-100855,16-01-2026,CUST-0004,Books,South,1,120.0
ORD-100803,17-07-2025,CUST-0100,Clothing,West,12,899.0
ORD-100645,02-05-2025,CUST-0025,Clothing,East,5,899.0
ORD-100556,17-02-2025,CUST-0048,Unknown,West,1,45.5
ORD-100957,06-08-2025,CUST-0079,Books,West,5,25.0
ORD-100577,26-04-2026,CUST-0127,Electronics,North,2,15.0
ORD-100795,28-04-2025,CUST-0128,Books,West,12,899.0
ORD-100085,25-04-2026,CUST-0066,Books,East,4,0.0
ORD-100242,01-10-2026,CUST-0055,Clothing,Unknown,5,25.0
ORD-100698,18-02-2026,CUST-0118,Unknown,Unknown,3,50.0
ORD-100159,07-03-2025,CUST-0126,Books,East,3,120.0
ORD-100524,20-02-2026,CUST-0126,Clothing,West,5,899.0
ORD-100035,14-07-2025,CUST-0036,Clothing,West,12,15.0
ORD-100540,01-04-2026,CUST-0081,Home & Kitchen,West,4,299.99
ORD-100170,17-02-2026,CUST-0135,Unknown,North,1,120.0
ORD-100654,26-03-2025,CUST-0083,Books,West,4,45.5
ORD-100890,24-10-2025,CUST-0147,Home & Kitchen,West,1,45.5
ORD-100857,21-03-2025,CUST-0003,Home & Kitchen,South,3,45.5
ORD-100847,15-08-2025,CUST-0023,Home & Kitchen,West,5,120.0
ORD-100944,31-01-2026,CUST-0140,Clothing,North,5,299.99
ORD-100733,14-05-2026,CUST-0003,Electronics,West,3,45.5
ORD-100095,18-09-2025,CUST-0069,Home & Kitchen,North,5,0.0
ORD-100563,31-05-2025,CUST-0074,Home & Kitchen,West,4,25.0
ORD-100240,06-02-2026,CUST-0011,Clothing,West,10,899.0
ORD-100742,19-03-2025,CUST-0099,Books,East,3,45.5
ORD-100574,24-08-2025,CUST-0099,Electronics,East,4,15.0
ORD-100690,23-08-2025,CUST-0148,Clothing,Unknown,1,899.0
ORD-100460,25-02-2026,CUST-0124,Electronics,North,1,45.5
ORD-100553,01-01-2025,CUST-0148,Clothing,East,5,45.5
ORD-100888,09-11-2025,CUST-0066,Home & Kitchen,East,12,0.0
ORD-100206,05-04-2026,CUST-0039,Home & Kitchen,East,1,45.5
ORD-100392,20-10-2025,CUST-0072,Electronics,West,3,45.5
ORD-100794,31-08-2025,CUST-0062,Electronics,East,1,0.0
ORD-100397,15-08-2025,CUST-0052,Home & Kitchen,Unknown,5,120.0
ORD-100766,16-05-2025,CUST-0026,Clothing,East,1,45.5
ORD-100848,18-02-2026,CUST-0112,Electronics,Unknown,12,25.0
ORD-100217,25-03-2026,CUST-0118,Clothing,North,2,299.99
ORD-100004,26-07-2025,CUST-0140,Home & Kitchen,West,4,0.0
ORD-100768,23-03-2025,CUST-0032,Books,Unknown,3,899.0
ORD-100642,27-12-2025,CUST-0147,Books,East,1,45.5
ORD-100929,24-04-2025,CUST-0023,Unknown,North,4,0.0
ORD-100612,29-11-2025,CUST-0027,Home & Kitchen,Unknown,1,120.0
ORD-100738,24-04-2025,CUST-0034,Home & Kitchen,North,10,15.0
ORD-100546,03-05-2026,CUST-0096,Home & Kitchen,East,12,15.0
ORD-100725,24-09-2025,CUST-0055,Clothing,North,12,120.0
ORD-100683,22-05-2025,CUST-0055,Home & Kitchen,East,1,25.0
ORD-100804,29-09-2025,CUST-0146,Home & Kitchen,West,1,45.5
ORD-100727,11-07-2025,CUST-0020,Home & Kitchen,West,1,299.99
ORD-100573,17-09-2025,CUST-0050,Clothing,Unknown,3,45.5
ORD-100406,11-05-2025,CUST-0075,Books,South,10,0.0
ORD-100502,23-09-2025,CUST-0102,Electronics,East,10,45.5
ORD-100047,21-06-2025,CUST-0057,Electronics,Unknown,3,899.0
ORD-100032,06-02-2025,CUST-0139,Home & Kitchen,West,1,120.0
ORD-100779,16-05-2025,CUST-0142,Clothing,North,1,50.0
ORD-100839,16-05-2025,CUST-0101,Home & Kitchen,North,12,15.0
ORD-100200,16-07-2025,CUST-0129,Home & Kitchen,North,1,0.0
ORD-100134,25-08-2025,CUST-0081,Clothing,North,1,25.0
ORD-100027,24-06-2025,CUST-0063,Unknown,Unknown,2,50.0
ORD-100880,22-03-2025,CUST-0131,Books,West,4,0.0
ORD-100230,15-05-2026,CUST-0015,Clothing,North,4,45.5
ORD-100489,01-03-2026,CUST-0133,Home & Kitchen,North,4,45.5
ORD-100772,08-01-2025,CUST-0110,Electronics,West,3,25.0
ORD-100378,18-02-2026,CUST-0077,Home & Kitchen,South,4,50.0
ORD-100418,28-06-2025,CUST-0115,Books,West,4,0.0
ORD-100674,03-01-2026,CUST-0001,Electronics,East,1,0.0
ORD-100391,19-12-2025,CUST-0097,Electronics,North,3,45.5
ORD-100592,23-06-2025,CUST-0138,Unknown,West,12,899.0
ORD-100498,11-01-2025,CUST-0104,Electronics,East,4,45.5
ORD-100138,18-08-2025,CUST-0057,Electronics,North,2,15.0
ORD-100062,03-11-2026,CUST-0082,Electronics,North,12,899.0
ORD-100471,28-07-2025,CUST-0053,Unknown,North,2,299.99
ORD-100647,13-02-2025,CUST-0106,Electronics,West,4,899.0
ORD-100128,16-05-2025,CUST-0120,Clothing,Unknown,5,45.5
ORD-100013,24-04-2026,CUST-0071,Clothing,North,4,15.0
ORD-100520,19-06-2025,CUST-0051,Clothing,West,3,45.5
ORD-100838,03-01-2026,CUST-0084,Clothing,West,4,0.0
ORD-100064,13-05-2026,CUST-0105,Electronics,Unknown,10,45.5
ORD-100812,01-09-2026,UNKNOWN,Electronics,Unknown,10,120.0
ORD-100014,04-08-2025,CUST-0049,Home & Kitchen,West,12,299.99
ORD-100156,05-03-2025,CUST-0087,Electronics,North,1,50.0
ORD-100040,22-03-2026,CUST-0082,Home & Kitchen,North,2,899.0
ORD-100492,23-05-2025,CUST-0041,Home & Kitchen,East,2,299.0
ORD-100379,06-11-2025,CUST-0083,Home & Kitchen,West,4,120.0
ORD-100187,12-12-2025,CUST-0125,Clothing,East,1,0.0
ORD-100763,05-07-2025,CUST-0114,Home & Kitchen,South,5,45.5
ORD-100216,13-01-2025,CUST-0104,Books,West,10,45.5
ORD-100791,05-01-2025,CUST-0127,Home & Kitchen,South,4,45.5
ORD-100052,28-09-2025,CUST-0143,Electronics,Unknown,1,15.0
ORD-100878,19-04-2026,CUST-0128,Electronics,North,1,25.0
ORD-100337,28-04-2025,CUST-0144,Clothing,South,2,299.99
ORD-100748,01-05-2026,CUST-0077,Home & Kitchen,West,10,899.0
ORD-100719,16-05-2025,CUST-0079,Electronics,South,2,45.5
ORD-100724,27-07-2025,CUST-0001,Books,North,1,299.99
ORD-100295,25-06-2025,CUST-0076,Electronics,West,2,50.0
ORD-100251,15-04-2025,CUST-0009,Clothing,North,5,15.0
ORD-100726,04-02-2026,CUST-0123,Clothing,North,1,45.5
ORD-100461,07-09-2025,CUST-0027,Books,Unknown,4,25.0
ORD-100455,16-02-2026,UNKNOWN,Electronics,North,3,899.0
ORD-100815,20-04-2025,CUST-0068,Home & Kitchen,North,4,120.0
ORD-100862,15-10-2025,CUST-0133,Electronics,North,10,0.0
ORD-100269,03-10-2026,CUST-0036,Clothing,North,4,25.0
ORD-100201,29-10-2025,CUST-0111,Electronics,South,4,45.5
ORD-100161,07-09-2025,CUST-0044,Electronics,West,5,120.0
ORD-100555,01-06-2025,CUST-0109,Electronics,West,10,45.5
ORD-100729,16-05-2025,CUST_UNKNOWN,Unknown,East,4,45.5
ORD-100401,12-09-2025,CUST-0141,Electronics,West,4,15.0
ORD-100702,25-04-2025,CUST-0113,Home & Kitchen,Unknown,1,15.0
ORD-100476,21-03-2025,CUST-0025,Clothing,Unknown,4,25.0
ORD-100821,24-11-2025,CUST-0074,Home & Kitchen,North,12,25.0
ORD-100771,16-03-2026,CUST-0090,Clothing,North,1,0.0
ORD-100105,04-01-2025,CUST-0086,Electronics,North,4,899.0
ORD-100565,22-03-2025,CUST-0048,Home & Kitchen,West,5,45.5
ORD-100389,08-01-2025,CUST-0063,Electronics,West,10,45.5
ORD-100001,16-05-2025,CUST-0006,Home & Kitchen,North,2,45.5
ORD-100937,22-05-2025,CUST-0078,Clothing,East,1,899.0
ORD-100561,16-05-2025,CUST-0043,Unknown,West,4,299.99
ORD-100080,08-06-2025,CUST-0143,Clothing,Unknown,5,899.0
ORD-100205,13-01-2026,CUST-0135,Electronics,Unknown,2,45.5
ORD-100034,16-05-2025,CUST-0015,Home & Kitchen,West,1,45.5
ORD-100775,30-01-2025,CUST-0064,Clothing,North,4,0.0
ORD-100508,11-01-2025,CUST-0100,Electronics,North,4,45.5
ORD-100427,13-01-2026,CUST-0093,Electronics,North,3,45.5
ORD-100454,04-10-2025,CUST-0119,Home & Kitchen,North,3,15.0
ORD-100366,17-02-2026,CUST-0035,Clothing,North,10,25.0
ORD-100091,16-05-2025,CUST-0024,Electronics,East,10,299.99
ORD-100339,05-07-2025,CUST-0147,Home & Kitchen,South,10,15.0
ORD-100897,15-01-2026,CUST-0063,Electronics,West,1,25.0
ORD-100564,06-02-2026,CUST-0036,Home & Kitchen,South,12,299.99
ORD-100345,24-10-2025,CUST-0069,Home & Kitchen,South,1,299.99
ORD-100776,16-05-2025,CUST-0071,Unknown,North,2,120.0
ORD-100241,04-07-2026,CUST-0059,Home & Kitchen,South,12,120.0
ORD-100315,19-08-2025,CUST-0023,Unknown,West,1,15.0
ORD-100600,17-07-2025,CUST-0029,Home & Kitchen,North,3,299.99
ORD-100387,06-07-2025,CUST-0126,Electronics,South,2,899.0
ORD-100273,05-07-2025,CUST-0014,Home & Kitchen,South,1,120.0
ORD-100840,16-05-2025,UNKNOWN,Home & Kitchen,East,4,45.5
ORD-100646,24-07-2025,CUST-0035,Home & Kitchen,West,1,299.99
ORD-100818,07-05-2026,CUST-0016,Clothing,West,4,120.0
ORD-100484,14-11-2025,CUST-0006,Clothing,West,3,15.0
ORD-100504,03-01-2026,CUST-0051,Clothing,North,4,99.0
ORD-100831,05-07-2025,CUST-0022,Home & Kitchen,Unknown,10,45.5
ORD-100243,23-04-2025,CUST-0146,Unknown,North,12,15.0
ORD-100566,13-02-2025,CUST-0081,Home & Kitchen,Unknown,1,120.0
ORD-100875,07-08-2025,CUST-0068,Home & Kitchen,South,4,299.99
ORD-100562,19-09-2025,CUST-0126,Clothing,North,5,15.0
ORD-100686,13-01-2025,CUST-0083,Unknown,North,10,120.0
ORD-100189,16-05-2025,CUST-0002,Electronics,West,12,50.0
ORD-100782,28-09-2025,CUST-0078,Electronics,West,5,15.0
ORD-100699,04-09-2026,CUST-0005,Home & Kitchen,South,12,45.5
ORD-100475,23-03-2025,CUST-0122,Electronics,South,4,899.0
ORD-100681,28-04-2026,CUST-0056,Electronics,North,5,299.99
ORD-100510,03-04-2026,CUST-0055,Home & Kitchen,North,12,120.0
ORD-100058,16-05-2025,CUST-0013,Clothing,Unknown,5,899.0
ORD-100474,26-05-2025,CUST-0090,Clothing,West,4,120.0
ORD-100560,13-03-2025,CUST-0143,Home & Kitchen,Unknown,4,899.0
ORD-100856,05-01-2025,CUST-0036,Electronics,North,1,899.0
ORD-100747,28-09-2025,CUST-0095,Home & Kitchen,South,10,45.5
ORD-100252,16-05-2025,CUST-0046,Electronics,West,12,15.0
ORD-100021,12-07-2025,CUST-0018,Electronics,South,4,25.0
ORD-100313,24-12-2025,CUST-0027,Electronics,West,1,45.5
ORD-100459,19-12-2025,CUST-0007,Home & Kitchen,North,10,25.0
ORD-100160,16-05-2025,CUST-0118,Unknown,West,1,899.0
ORD-100276,16-05-2025,CUST-0060,Electronics,West,10,50.0
ORD-100955,20-05-2025,CUST-0001,Clothing,East,10,899.0
ORD-100191,05-02-2026,CUST-0142,Home & Kitchen,East,5,299.99
ORD-100385,28-03-2026,CUST-0082,Electronics,South,12,299.99
ORD-100805,24-08-2025,CUST-0108,Electronics,North,12,15.0
ORD-100413,06-07-2025,CUST-0065,Electronics,North,4,299.99
ORD-100491,14-02-2026,CUST-0142,Electronics,South,2,899.0
ORD-100343,27-05-2025,CUST-0044,Home & Kitchen,West,3,45.5
ORD-100769,25-03-2025,UNKNOWN,Unknown,North,1,120.0
ORD-100661,14-07-2025,CUST-0107,Clothing,North,4,25.0
ORD-100130,13-07-2025,CUST-0121,Home & Kitchen,Unknown,4,15.0
ORD-100663,15-06-2025,CUST-0116,Clothing,East,12,0.0
ORD-100871,21-11-2025,CUST-0110,Electronics,South,1,45.5
ORD-100099,05-01-2025,CUST-0049,Home & Kitchen,North,4,899.0
ORD-100372,23-05-2025,CUST-0085,Home & Kitchen,South,1,15.0
ORD-100087,20-10-2025,CUST-0085,Home & Kitchen,Unknown,10,899.0
ORD-100458,25-03-2025,CUST-0089,Home & Kitchen,South,4,25.0
ORD-100330,03-08-2025,CUST-0084,Books,East,4,25.0
ORD-100214,17-12-2025,CUST-0021,Clothing,West,4,45.5
ORD-100466,24-03-2025,CUST-0037,Home & Kitchen,West,2,299.99
ORD-100121,03-08-2025,CUST-0137,Books,North,2,899.0
ORD-100614,01-02-2025,CUST-0077,Electronics,West,10,899.0
ORD-100020,10-02-2025,CUST-0053,Books,North,3,899.0
ORD-100700,04-07-2026,CUST-0032,Home & Kitchen,Unknown,3,0.0
ORD-100071,26-04-2026,CUST-0062,Home & Kitchen,West,12,0.0
ORD-100106,22-03-2025,CUST-0078,Electronics,East,3,120.0
ORD-100270,13-10-2025,CUST-0021,Clothing,North,4,45.5
ORD-100860,04-09-2025,CUST-0089,Home & Kitchen,South,4,25.0
ORD-100435,23-05-2025,CUST-0012,Unknown,South,12,50.0
ORD-100102,22-05-2025,CUST-0056,Clothing,West,12,45.5
