Order_ID,Order_Date,Customer_ID,Product_Category,Region,Quantity,Sales_Amount
ORD-100521,2026-04-06,CUST-0118,Books,East,1.0,-50.0
ORD-100737,2025-11-01,CUST-0109,,East,5.0,-50.0
ORD-100740,01/04/2026,CUST-0019,,South,3.0,45.5
ORD-100660,2026-03-28,CUST-0069,Home & Kitchen,,-1.0,25.0
ORD-100411,2025-09-08,CUST-0078,Home & Kitchen,South,2.0,45.5
ORD-100678,2025-12-10,CUST-0017,Clothing,North,12.0,120.0
ORD-100626,2025-12-17,CUST-0110,Home & Kitchen,,1.0,25.0
ORD-100513,2026-02-06,CUST-0017,,North,10.0,
ORD-100859,2025-08-18,CUST-0128,electronics,WEST,,899.0
ORD-100136,2025-02-17,CUST-0012,Electronics,WEST,1.0,-50.0
ORD-100811,2025-05-27,CUST-0005,Electronics,WEST,2.0,120.0
ORD-100076,01/02/2025,CUST-0015,Home & Kitchen,WEST,,0.0
ORD-100636,2025-10-22,  CUST-0022 ,Clothing,East,10.0,299.99
ORD-100360,2025-06-19,CUST-0064,Home_Kitchen,North,12.0,-50.0
ORD-100938,"Jul 14, 2025",CUST-0063,Home_Kitchen,WEST,2.0,25.0
ORD-100899,2025-01-15,CUST-0121,Home & Kitchen,WEST,10.0,$299.00
ORD-100280,2025-01-28,CUST-0102,Home_Kitchen,,,299.99
ORD-100883,2025-10-03,CUST-0128,CLOTHING,,3.0,0.0
ORD-100761,19/02/2025,CUST-0039,Clothing,South,4.0,15.0
ORD-100319,2025-04-24,CUST-0143,Electronics,,2.0,899.0
ORD-100549,2025-01-20,CUST-0100,Clothing,West,1.0,25.0
ORD-100174,2025-06-09,CUST-0002,Home & Kitchen,West,10.0,120.0
ORD-100371,2025-02-06,CUST-0098,electronics,North,5.0,15.0
ORD-100527,2025-12-10,  CUST-0022 ,electronics,East,1.0,25.0
ORD-100210,2025-01-24,CUST-0065,Books,north,10.0,0.0
ORD-100235,2025-07-14,CUST-0112,Home_Kitchen,West,,120.0
ORD-100101,"Sep 17, 2025",CUST-0144,Home & Kitchen,north,-1.0,899.0
ORD-100932,2025-01-30,CUST-0003,CLOTHING,north,-1.0,299.99
ORD-100902,2025-03-05,CUST-0039,CLOTHING,South,10.0,899.0
ORD-100947,18/05/2025,CUST-0002,Electronics,East,4.0,120.0
ORD-100346,2025-11-13,CUST-0078,Clothing,South,12.0,45.5
ORD-100139,2026-01-19,CUST-0038,,East,5.0,25.0
ORD-100621,2025-08-15,CUST-0031,,,1.0,
ORD-100499,2025-12-16,CUST-0048,Home_Kitchen,north,2.0,45.5
ORD-100370,2025-12-28,CUST-0086,Home_Kitchen,West,1.0,$299.00
ORD-100198,2026-04-09,CUST-0074,  Books  ,West,2.0,15.0
ORD-100687,2025-05-27,CUST-0073,electronics,East,3.0,899.0
ORD-100584,2025-02-20,CUST-0022,Clothing,WEST,-1.0,120.0
ORD-100901,20/11/2025,CUST-0099,Electronics,North,,15.0
ORD-100059,2026-04-08,CUST-0089,Home_Kitchen,WEST,12.0,$99.00
ORD-100328,2025-01-13,CUST-0024,Home_Kitchen,,-1.0,25.0
ORD-100096,2025-11-07,CUST-0097,  Home_Kitchen  ,South,4.0,299.99
ORD-100312,2025-10-15,CUST-0070,Electronics,South,12.0,15.0
ORD-100843,2026-03-30,CUST-0112,CLOTHING,West,5.0,899.0
ORD-100299,2025-02-16,CUST-0069,electronics,East,12.0,0.0
ORD-100277,"Oct 04, 2025",CUST-0020,Books,East,12.0,299.99
ORD-100924,2026-05-06,CUST-0018,CLOTHING,,,25.0
ORD-100601,"Jan 28, 2026",CUST-0147,Home_Kitchen,WEST,,45.5
ORD-100439,2025-03-21,CUST-0111,CLOTHING,WEST,5.0,45.5
ORD-100837,2025-09-24,CUST-0138,electronics,East,,$99.00
ORD-100570,2025-09-24,CUST-0003,Electronics,South,12.0,120.0
ORD-100879,2025-05-16,CUST-0117,electronics,South,4.0,45.5
ORD-100261,2026-05-13,CUST-0042,CLOTHING,WEST,,899.0
ORD-100578,2025-01-02,CUST-0105,Electronics,WEST,-1.0,
ORD-100023,2025-02-11,  CUST-0022 ,CLOTHING,East,2.0,25.0
ORD-100030,2025-10-04,CUST-0113,Clothing,West,10.0,-50.0
ORD-100617,2025-10-03,CUST-0068,Electronics,North,4.0,
ORD-100010,missing_date_error,CUST-0118,CLOTHING,WEST,-1.0,
ORD-100221,2025-04-12,CUST-0077,CLOTHING,WEST,,15.0
ORD-100820,2025-11-07,CUST-0130,CLOTHING,WEST,10.0,45.5
ORD-100296,2025-11-22,CUST-0064,  Clothing  ,North,1.0,899.0
ORD-100054,missing_date_error,CUST-0045,  CLOTHING  ,East,,-50.0
ORD-100542,missing_date_error,CUST-0062,  Books  ,,12.0,25.0
ORD-100209,2025-11-18,CUST-0135,CLOTHING,South,1.0,120.0
ORD-100604,2025-12-15,CUST-0140,Books,north,12.0,299.99
ORD-100692,2026-01-29,CUST-0145,Clothing,East,3.0,-50.0
ORD-100662,2026-02-12,CUST-0097,Clothing,north,-1.0,899.0
ORD-100866,2025-11-21,CUST-0033,,South,3.0,-50.0
ORD-100070,12/03/2026,CUST-0122,Clothing,North,10.0,120.0
ORD-100543,2026-01-13,CUST-0079,CLOTHING,north,2.0,120.0
ORD-100107,"Nov 07, 2025",CUST-0004,,South,-1.0,15.0
ORD-100493,2025-07-24,CUST-0085,CLOTHING,West,1.0,45.5
ORD-100590,"Jul 30, 2025",CUST-0071,electronics,West,4.0,45.5
ORD-100741,2026-04-23,CUST-0059,CLOTHING,West,2.0,
ORD-100292,2026-02-15,CUST-0150,Electronics,East,2.0,0.0
ORD-100289,23/01/2025,CUST-0097,,South,3.0,899.0
ORD-100652,2025-12-23,CUST-0064,,North,10.0,299.99
ORD-100039,2025-10-18,CUST-0148,CLOTHING,WEST,3.0,45.5
ORD-100589,03/01/2026,CUST-0009,Electronics,South,3.0,45.5
ORD-100307,2025-08-01,CUST-0024,CLOTHING,WEST,10.0,25.0
ORD-100679,2025-01-20,CUST-0137,Clothing,north,1.0,
ORD-100066,missing_date_error,CUST-0077,,West,12.0,899.0
ORD-100275,2025-04-23,CUST-0112,electronics,WEST,12.0,-50.0
ORD-100067,2026-03-27,CUST-0097,Books,West,12.0,120.0
ORD-100318,2025-03-21,CUST-0115,electronics,WEST,1.0,-50.0
ORD-100548,2026-02-03,CUST-0131,Home & Kitchen,north,12.0,-50.0
ORD-100628,2025-05-14,CUST-0036,Electronics,north,2.0,15.0
ORD-100714,20/05/2025,CUST-0022,,WEST,2.0,-50.0
ORD-100753,missing_date_error,CUST-0018,,South,4.0,
ORD-100327,"Apr 08, 2025",CUST-0142,Home_Kitchen,East,12.0,$149.00
ORD-100382,2025-08-13,CUST-0081,Home_Kitchen,north,5.0,$299.00
ORD-100451,2026-04-01,CUST-0115,Books,north,-1.0,-50.0
ORD-100522,2025-09-24,CUST-0030,electronics,North,5.0,120.0
ORD-100218,2026-04-16,CUST-0145,CLOTHING,North,,899.0
ORD-100787,2025-04-25,CUST-0101,Clothing,north,1.0,0.0
ORD-100436,2025-12-12,CUST-0145,,north,2.0,299.99
ORD-100764,2026-04-29,CUST-0056,Electronics,,12.0,120.0
ORD-100088,2026-05-11,CUST-0021,Clothing,,12.0,-50.0
ORD-100063,"Aug 09, 2025",CUST-0107,Home & Kitchen,East,3.0,45.5
ORD-100826,2025-04-01,CUST-0022,CLOTHING,north,5.0,
ORD-100716,2026-02-10,CUST-0043,Clothing,South,2.0,899.0
ORD-100351,21/03/2025,CUST-0043,CLOTHING,WEST,,120.0
ORD-100936,03/03/2025,CUST-0145,Electronics,East,5.0,0.0
ORD-100256,2025-02-09,,Home & Kitchen,WEST,3.0,15.0
ORD-100635,2025-03-28,CUST-0072,Clothing,North,-1.0,
ORD-100644,2025-07-19,CUST-0132,Books,West,1.0,0.0
ORD-100554,2025-10-01,CUST-0099,Electronics,,,0.0
ORD-100959,2026-03-11,CUST-0053,Clothing,north,3.0,15.0
ORD-100168,2025-02-13,CUST-0139,Books,South,5.0,15.0
ORD-100917,2025-05-09,CUST-0129,Home & Kitchen,,12.0,15.0
ORD-100528,2025-03-06,CUST-0100,,East,2.0,120.0
ORD-100823,2025-10-22,CUST-0107,Books,WEST,10.0,120.0
ORD-100943,2025-11-02,CUST-0051,Electronics,West,12.0,899.0
ORD-100816,2025-03-12,CUST-0056,Home & Kitchen,WEST,5.0,120.0
ORD-100086,2025-02-05,CUST-0053,,WEST,5.0,120.0
ORD-100432,20/05/2025,CUST-0064,Electronics,South,1.0,120.0
ORD-100184,2025-02-26,CUST-0096,Clothing,West,5.0,899.0
ORD-100530,2026-02-24,,,north,5.0,15.0
ORD-100534,2025-03-20,CUST-0118,Books,north,5.0,299.99
ORD-100294,2025-04-01,CUST-0022,Home & Kitchen,West,4.0,-50.0
ORD-100892,2026-02-23,CUST-0059,Clothing,East,2.0,120.0
ORD-100425,2025-06-09,CUST-0140,CLOTHING,West,,
ORD-100713,01/06/2025,CUST-0065,Home & Kitchen,West,3.0,45.5
ORD-100260,2025-08-29,CUST-0077,Clothing,north,12.0,120.0
ORD-100237,16/11/2025,CUST-0145,Home_Kitchen,,5.0,15.0
ORD-100559,2025-04-22,CUST-0045,Home & Kitchen,,,299.99
ORD-100583,16/01/2026,CUST-0043,Home & Kitchen,West,3.0,0.0
ORD-100445,2025-03-13,CUST-0131,Electronics,South,10.0,120.0
ORD-100867,2025-02-01,CUST-0069,Clothing,north,10.0,299.99
ORD-100800,"May 16, 2026",CUST-0093,,North,2.0,120.0
ORD-100599,2025-11-19,CUST-0131,Books,north,3.0,
ORD-100849,2025-05-16,CUST-0030,Clothing,East,12.0,0.0
ORD-100265,2026-03-13,CUST-0100,Home & Kitchen,South,-1.0,299.99
ORD-100814,2026-01-21,CUST-0004,,West,-1.0,15.0
ORD-100529,2025-07-24,CUST-0101,Clothing,,-1.0,45.5
ORD-100055,2025-05-08,CUST-0110,Home & Kitchen,north,10.0,120.0
ORD-100120,2025-08-08,CUST-0120,Home_Kitchen,South,4.0,120.0
ORD-100215,"Nov 25, 2025",CUST-0096,Clothing,North,3.0,0.0
ORD-100025,2025-08-20,CUST-0115,CLOTHING,North,3.0,25.0
ORD-100072,2025-12-04,CUST-0058,Clothing,South,4.0,45.5
ORD-100044,2025-06-09,CUST-0078,,WEST,4.0,45.5
ORD-100247,2025-09-21,CUST-0020,Clothing,South,12.0,45.5
ORD-100721,2025-06-08,CUST-0110,electronics,East,-1.0,0.0
ORD-100281,26/04/2026,CUST-0084,,West,-1.0,
ORD-100893,21/03/2025,CUST-0131,  Home_Kitchen  ,north,5.0,-50.0
ORD-100914,2026-03-19,CUST-0147,Books,East,12.0,45.5
ORD-100810,2025-08-08,CUST-0019,,,12.0,899.0
ORD-100244,04/03/2026,CUST-0122,Books,WEST,10.0,25.0
ORD-100822,2026-03-16,CUST-0129,Home_Kitchen,North,10.0,
ORD-100321,2025-10-26,CUST-0132,Clothing,north,2.0,299.99
ORD-100643,2025-01-28,CUST-0069,  electronics  ,,-1.0,$299.00
ORD-100158,2025-04-12,CUST-0126,Home & Kitchen,South,2.0,299.99
ORD-100140,"Jan 17, 2026",CUST-0005,CLOTHING,WEST,5.0,
ORD-100429,2025-11-22,  CUST-0022 ,,South,12.0,899.0
ORD-100941,2025-10-09,cust_unknown,electronics,,1.0,899.0
ORD-100462,missing_date_error,CUST-0076,electronics,North,12.0,
ORD-100309,19/02/2025,CUST-0079,CLOTHING,north,10.0,0.0
ORD-100697,"Jun 29, 2025",CUST-0026,Home_Kitchen,West,2.0,45.5
ORD-100060,2026-03-12,CUST-0098,Electronics,East,10.0,25.0
ORD-100884,23/05/2025,CUST-0146,Books,WEST,5.0,-50.0
ORD-100595,2026-03-07,CUST-0118,Home & Kitchen,East,5.0,299.99
ORD-100767,2026-01-05,CUST-0036,electronics,South,3.0,120.0
ORD-100649,2026-04-21,CUST-0071,Electronics,north,4.0,15.0
ORD-100650,14/09/2025,CUST-0033,,South,2.0,25.0
ORD-100865,2025-09-23,CUST-0096,CLOTHING,,10.0,25.0
ORD-100668,missing_date_error,CUST-0072,electronics,north,10.0,899.0
ORD-100298,2025-04-24,CUST-0022,  Clothing  ,WEST,10.0,120.0
ORD-100689,2025-06-03,CUST-0141,CLOTHING,,5.0,899.0
ORD-100314,"Feb 16, 2026",CUST-0034,,WEST,,15.0
ORD-100310,2025-10-14,CUST-0114,Home & Kitchen,north,1.0,
ORD-100361,"May 23, 2025",CUST-0127,Clothing,West,4.0,
ORD-100479,2025-08-09,CUST-0082,Clothing,,1.0,299.99
ORD-100110,"Nov 06, 2025",CUST-0031,Books,WEST,5.0,45.5
ORD-100223,2026-01-30,CUST-0009,Electronics,,12.0,
ORD-100486,"Mar 21, 2025",CUST-0028,electronics,,1.0,899.0
ORD-100363,2026-01-16,CUST-0051,Home & Kitchen,West,12.0,120.0
ORD-100254,2026-03-19,CUST-0005,Clothing,north,2.0,15.0
ORD-100259,23/01/2025,CUST-0020,Clothing,,5.0,120.0
ORD-100802,2025-04-08,CUST-0034,CLOTHING,,,299.99
ORD-100677,2025-07-22,CUST-0092,Home_Kitchen,north,-1.0,299.99
ORD-100494,"Mar 19, 2026",CUST-0144,Home & Kitchen,,4.0,299.99
ORD-100670,missing_date_error,CUST-0117,Electronics,West,1.0,899.0
ORD-100377,2026-04-28,CUST-0035,electronics,South,5.0,299.99
ORD-100526,2025-07-01,CUST-0081,  electronics  ,north,10.0,25.0
ORD-100845,"Feb 16, 2026",CUST-0015,Home_Kitchen,South,2.0,899.0
ORD-100137,2025-02-08,CUST-0145,electronics,north,3.0,120.0
ORD-100355,2025-07-01,CUST-0077,Home_Kitchen,South,,15.0
ORD-100365,2025-01-02,CUST-0028,  Clothing  ,South,,15.0
ORD-100942,2025-01-24,CUST-0127,electronics,WEST,2.0,0.0
ORD-100749,2025-09-11,CUST-0036,Books,WEST,10.0,0.0
ORD-100948,2025-12-04,CUST-0105,electronics,West,,15.0
ORD-100829,18/05/2025,CUST-0040,Home & Kitchen,East,2.0,0.0
ORD-100656,2025-04-08,CUST-0101,Electronics,North,4.0,299.99
ORD-100199,2025-08-13,CUST-0005,Home & Kitchen,north,4.0,-50.0
ORD-100213,2025-11-24,CUST-0102,Home & Kitchen,WEST,2.0,0.0
ORD-100408,"Mar 19, 2026",CUST-0105,,,5.0,899.0
ORD-100332,"Mar 19, 2025",CUST-0004,electronics,,4.0,45.5
ORD-100208,missing_date_error,CUST-0050,Home & Kitchen,,1.0,45.5
ORD-100613,2025-10-03,CUST-0064,  electronics  ,South,5.0,$299.00
ORD-100078,02/09/2025,CUST-0106,  Home_Kitchen  ,,5.0,15.0
ORD-100029,2026-01-29,CUST-0103,Books,East,2.0,45.5
ORD-100535,missing_date_error,CUST-0045,Clothing,East,-1.0,120.0
ORD-100695,2025-09-06,CUST-0013,,West,2.0,899.0
ORD-100557,2025-04-06,CUST-0125,electronics,WEST,3.0,0.0
ORD-100836,21/03/2025,CUST-0040,Books,South,1.0,0.0
ORD-100596,missing_date_error,CUST-0145,CLOTHING,South,12.0,
ORD-100165,2025-12-28,CUST-0140,Clothing,East,10.0,
ORD-100918,2025-01-23,CUST-0014,Home_Kitchen,East,3.0,899.0
ORD-100495,2025-07-31,CUST-0110,Electronics,South,3.0,-50.0
ORD-100824,2025-05-07,CUST-0109,electronics,South,3.0,899.0
ORD-100065,"Feb 05, 2025",CUST-0039,Home_Kitchen,West,-1.0,899.0
ORD-100141,2026-05-08,CUST-0067,Books,North,3.0,0.0
ORD-100925,"Feb 02, 2025",CUST-0120,CLOTHING,WEST,3.0,-50.0
ORD-100827,2025-11-17,CUST-0138,electronics,North,4.0,120.0
ORD-100655,2025-12-28,CUST-0064,Electronics,North,10.0,-50.0
ORD-100331,2026-03-27,CUST-0099,,West,12.0,-50.0
ORD-100664,missing_date_error,CUST-0020,electronics,East,12.0,25.0
ORD-100249,2026-03-30,CUST-0140,electronics,north,,0.0
ORD-100907,15/01/2026,CUST-0058,CLOTHING,WEST,3.0,-50.0
ORD-100708,"Feb 22, 2026",CUST-0078,,North,4.0,
ORD-100305,2025-07-30,CUST-0093,Home_Kitchen,East,1.0,
ORD-100734,2025-11-08,CUST-0003,Electronics,WEST,1.0,
ORD-100147,2025-10-23,CUST-0040,Electronics,West,1.0,15.0
ORD-100049,"Jan 20, 2026",CUST-0077,  Clothing  ,north,12.0,299.99
ORD-100896,2025-05-16,CUST-0004,electronics,North,5.0,
ORD-100002,18/05/2025,CUST-0077,,,2.0,25.0
ORD-100544,2025-02-13,CUST-0030,Home_Kitchen,West,3.0,899.0
ORD-100350,2026-03-12,CUST-0017,electronics,north,10.0,-50.0
ORD-100904,missing_date_error,CUST-0010,Home & Kitchen,East,4.0,45.5
ORD-100536,missing_date_error,CUST-0077,Home_Kitchen,WEST,4.0,15.0
ORD-100344,2025-02-02,CUST-0036,Electronics,East,12.0,25.0
ORD-100192,missing_date_error,CUST-0106,Home & Kitchen,West,10.0,120.0
ORD-100481,2025-10-22,CUST-0077,Clothing,East,3.0,25.0
ORD-100575,18/12/2025,CUST-0144,CLOTHING,,-1.0,299.99
ORD-100033,2025-04-28,CUST-0056,Clothing,WEST,1.0,899.0
ORD-100031,24/12/2025,CUST-0060,Books,West,12.0,-50.0
ORD-100231,2025-06-13,CUST-0003,Electronics,north,10.0,-50.0
ORD-100701,21/02/2025,CUST-0041,Clothing,East,-1.0,25.0
ORD-100192,missing_date_error,CUST-0106,Home & Kitchen,West,10.0,120.0
ORD-100333,2026-03-19,CUST-0075,Clothing,West,3.0,0.0
ORD-100003,2025-05-23,CUST-0119,Electronics,WEST,3.0,0.0
ORD-100204,2025-04-11,CUST-0025,Home & Kitchen,North,5.0,899.0
ORD-100514,2025-03-01,CUST-0148,Home & Kitchen,West,3.0,0.0
ORD-100799,15/01/2026,CUST-0004,Books,South,3.0,15.0
ORD-100306,2025-06-10,CUST-0028,Home & Kitchen,,4.0,0.0
ORD-100109,17/03/2025,CUST-0049,Electronics,WEST,4.0,45.5
ORD-100430,2025-09-15,CUST-0022,Home_Kitchen,West,4.0,15.0
ORD-100077,2025-12-27,CUST-0144,Books,West,-1.0,45.5
ORD-100084,2025-09-06,CUST-0063,Clothing,South,3.0,299.99
ORD-100286,2025-01-30,CUST-0059,Home_Kitchen,South,2.0,120.0
ORD-100082,2025-01-27,CUST-0035,Clothing,East,1.0,-50.0
ORD-100515,2025-10-01,CUST-0027,electronics,WEST,1.0,120.0
ORD-100789,2025-02-17,CUST-0014,Home & Kitchen,East,5.0,-50.0
ORD-100894,14/11/2025,CUST-0001,Electronics,,,
ORD-100398,2025-08-08,cust_unknown,electronics,East,5.0,25.0
ORD-100323,2025-04-27,CUST-0027,CLOTHING,West,12.0,
ORD-100519,2025-11-09,CUST-0084,Books,East,5.0,120.0
ORD-100916,05/03/2025,CUST-0031,Clothing,north,10.0,299.99
ORD-100922,2025-04-23,CUST-0012,Books,North,12.0,-50.0
ORD-100005,2025-02-17,CUST-0109,electronics,,4.0,45.5
ORD-100731,2025-06-23,CUST-0133,Home_Kitchen,East,3.0,299.99
ORD-100465,"Aug 09, 2025",CUST-0030,Home_Kitchen,WEST,4.0,45.5
ORD-100097,"Feb 04, 2025",CUST-0011,,North,1.0,120.0
ORD-100266,2025-08-13,CUST-0139,Home_Kitchen,West,3.0,899.0
ORD-100357,missing_date_error,CUST-0020,electronics,,-1.0,45.5
ORD-100868,"Dec 27, 2025",CUST-0031,Books,West,12.0,899.0
ORD-100798,2025-10-07,CUST-0136,Home_Kitchen,north,10.0,120.0
ORD-100380,2025-07-09,CUST-0052,Home_Kitchen,north,,899.0
ORD-100631,2025-02-02,CUST-0016,Clothing,South,12.0,899.0
ORD-100381,2025-02-22,CUST-0123,Electronics,North,1.0,45.5
ORD-100490,2025-10-20,CUST-0045,Books,West,3.0,45.5
ORD-100118,missing_date_error,CUST-0073,Home_Kitchen,South,5.0,25.0
ORD-100900,2025-12-23,CUST-0094,electronics,South,4.0,
ORD-100250,2026-04-28,CUST-0145,Electronics,north,10.0,45.5
ORD-100523,2025-06-10,CUST-0068,Home_Kitchen,South,4.0,25.0
ORD-100009,2025-03-23,CUST-0064,Home_Kitchen,North,5.0,0.0
ORD-100196,2026-05-14,CUST-0071,Home & Kitchen,,1.0,299.99
ORD-100603,2025-08-23,CUST-0069,Books,West,12.0,-50.0
ORD-100081,"Feb 02, 2025",CUST-0136,electronics,north,1.0,-50.0
ORD-100783,2026-01-03,CUST-0053,  CLOTHING  ,East,12.0,299.99
ORD-100587,2025-12-03,CUST-0057,Home & Kitchen,North,10.0,899.0
ORD-100797,2025-03-05,CUST-0019,Clothing,,5.0,15.0
ORD-100239,16/01/2026,CUST-0136,Home_Kitchen,East,10.0,25.0
ORD-100290,"Nov 07, 2025",CUST-0111,Books,north,1.0,15.0
ORD-100211,2025-08-18,CUST-0091,Clothing,South,3.0,15.0
ORD-100717,2025-01-04,CUST-0014,Home_Kitchen,WEST,10.0,25.0
ORD-100359,18/03/2026,CUST-0065,Electronics,WEST,4.0,15.0
ORD-100449,2026-03-11,CUST-0148,Books,North,5.0,299.99
ORD-100227,2025-11-19,CUST-0097,Clothing,,4.0,899.0
ORD-100950,2025-12-01,CUST-0060,CLOTHING,South,4.0,899.0
ORD-100946,2025-09-16,CUST-0039,,north,5.0,25.0
ORD-100796,2025-06-07,  CUST-0022 ,Books,South,2.0,899.0
ORD-100501,2025-11-10,CUST-0111,Home_Kitchen,West,10.0,120.0
ORD-100464,2025-05-06,CUST-0022,electronics,WEST,4.0,-50.0
ORD-100362,2025-06-01,  CUST-0022 ,Home_Kitchen,WEST,-1.0,15.0
ORD-100468,2025-08-09,CUST-0080,,West,-1.0,899.0
ORD-100935,2026-05-12,CUST-0075,Books,East,1.0,15.0
ORD-100428,2026-04-02,CUST-0138,CLOTHING,North,,45.5
ORD-100007,2025-12-19,CUST-0098,Electronics,WEST,,0.0
ORD-100155,21/04/2026,CUST-0141,CLOTHING,East,10.0,-50.0
ORD-100541,2026-02-20,CUST-0031,Home & Kitchen,north,10.0,120.0
ORD-100440,"May 16, 2025",CUST-0028,CLOTHING,West,-1.0,
ORD-100482,2025-12-10,CUST-0012,CLOTHING,north,,120.0
ORD-100422,2025-12-04,CUST-0137,Electronics,WEST,5.0,-50.0
ORD-100778,2026-03-14,CUST-0064,,,2.0,
ORD-100949,2025-03-23,CUST-0007,Books,WEST,4.0,15.0
ORD-100334,2025-01-27,CUST-0106,Home_Kitchen,north,12.0,45.5
ORD-100576,2025-10-18,CUST-0130,Books,north,3.0,-50.0
ORD-100934,2025-07-16,CUST-0052,Books,,2.0,-50.0
ORD-100567,2026-05-15,CUST-0116,Home_Kitchen,WEST,5.0,899.0
ORD-100594,12/01/2026,CUST-0044,Home_Kitchen,North,3.0,-50.0
ORD-100530,2026-02-24,,,north,5.0,15.0
ORD-100581,2025-05-23,CUST-0114,CLOTHING,North,-1.0,45.5
ORD-100707,2025-03-05,CUST-0034,,,10.0,45.5
ORD-100448,2026-03-30,CUST-0149,Home & Kitchen,north,-1.0,25.0
ORD-100453,2025-05-22,CUST-0101,electronics,,-1.0,0.0
ORD-100228,23/01/2025,CUST-0142,CLOTHING,north,,0.0
ORD-100352,2025-08-23,CUST-0112,Clothing,,,45.5
ORD-100728,2025-05-21,CUST-0034,Books,,3.0,0.0
ORD-100212,2026-02-18,CUST-0069,,East,,899.0
ORD-100079,2025-07-28,CUST-0107,CLOTHING,,3.0,0.0
ORD-100148,2025-01-19,CUST-0051,Books,East,10.0,25.0
ORD-100302,"Jan 17, 2026",CUST-0040,,north,,15.0
ORD-100628,2025-05-14,CUST-0036,Electronics,north,2.0,15.0
ORD-100777,2025-10-20,CUST-0022,CLOTHING,,1.0,899.0
ORD-100506,2026-01-15,cust_unknown,,WEST,12.0,
ORD-100342,2025-06-26,CUST-0098,Books,north,3.0,25.0
ORD-100485,23/08/2025,CUST-0088,electronics,,10.0,45.5
ORD-100711,30/06/2025,CUST-0024,CLOTHING,East,5.0,
ORD-100133,2025-08-24,CUST-0095,Electronics,,3.0,45.5
ORD-100703,2025-01-19,CUST-0117,Electronics,West,,-50.0
ORD-100311,2025-07-19,CUST-0093,,north,,-50.0
ORD-100722,2026-03-28,CUST-0024,CLOTHING,West,12.0,45.5
ORD-100629,2026-04-10,CUST-0053,electronics,north,10.0,120.0
ORD-100000,2026-02-07,CUST-0001,Books,South,-1.0,15.0
ORD-100316,missing_date_error,CUST-0048,electronics,East,5.0,45.5
ORD-100706,2025-12-07,CUST-0052,Home_Kitchen,north,3.0,299.99
ORD-100547,2025-11-26,CUST-0037,CLOTHING,north,10.0,
ORD-100872,2025-03-15,CUST-0070,Electronics,South,1.0,25.0
ORD-100532,2025-03-17,CUST-0090,Clothing,north,2.0,899.0
ORD-100477,2026-01-24,CUST-0113,electronics,West,,899.0
ORD-100404,20/11/2025,CUST-0054,Books,,10.0,-50.0
ORD-100172,14/09/2025,CUST-0020,CLOTHING,,4.0,45.5
ORD-100125,2025-10-25,CUST-0093,CLOTHING,North,2.0,899.0
ORD-100394,missing_date_error,CUST-0094,,WEST,,899.0
ORD-100420,20/05/2025,CUST-0150,Electronics,East,-1.0,
ORD-100552,2025-10-07,CUST-0036,Home & Kitchen,north,12.0,299.99
ORD-100903,2025-09-16,CUST-0046,,,5.0,0.0
ORD-100090,2025-02-06,CUST-0095,Clothing,WEST,10.0,
ORD-100939,2025-07-19,CUST-0119,Clothing,north,,15.0
ORD-100181,2025-09-16,CUST-0056,Home & Kitchen,WEST,4.0,899.0
ORD-100274,2025-04-23,CUST-0026,electronics,WEST,4.0,899.0
ORD-100895,2025-10-15,CUST-0012,Home_Kitchen,north,1.0,-50.0
ORD-100069,2025-07-19,CUST-0138,,WEST,,
ORD-100291,2026-02-02,CUST-0048,Clothing,,4.0,899.0
ORD-100131,29/09/2025,CUST-0082,electronics,North,,-50.0
ORD-100300,2025-04-18,CUST-0040,Home_Kitchen,North,5.0,-50.0
ORD-100424,2025-05-03,CUST-0108,Electronics,East,1.0,45.5
ORD-100326,2025-03-18,CUST-0091,Electronics,West,4.0,0.0
ORD-100144,2025-08-15,CUST-0149,Books,South,4.0,0.0
ORD-100423,2025-01-15,CUST-0130,,WEST,12.0,25.0
ORD-100580,2026-01-06,CUST-0107,Books,WEST,4.0,25.0
ORD-100135,2025-08-18,CUST-0106,Books,West,12.0,0.0
ORD-100450,2025-10-06,CUST-0057,Books,,2.0,899.0
ORD-100164,2026-03-15,CUST-0036,Electronics,WEST,12.0,-50.0
ORD-100028,17/03/2025,CUST-0012,electronics,South,2.0,25.0
ORD-100773,2025-05-27,CUST-0081,Books,WEST,1.0,15.0
ORD-100193,2025-12-14,CUST-0004,Home_Kitchen,West,5.0,-50.0
ORD-100388,"Jan 20, 2026",CUST-0148,CLOTHING,north,1.0,15.0
ORD-100852,2025-09-06,CUST-0080,Home & Kitchen,West,2.0,15.0
ORD-100169,05/02/2025,CUST-0016,Electronics,north,-1.0,120.0
ORD-100705,"Apr 15, 2025",CUST-0110,Clothing,West,1.0,0.0
ORD-100140,"Jan 17, 2026",CUST-0005,CLOTHING,WEST,5.0,
ORD-100173,2026-05-15,CUST-0013,Books,East,-1.0,25.0
ORD-100006,2025-12-04,CUST-0137,Clothing,West,,299.99
ORD-100745,2025-10-06,CUST-0027,Electronics,north,5.0,0.0
ORD-100478,2026-04-28,CUST-0116,electronics,,,25.0
ORD-100073,2025-08-01,CUST-0077,Electronics,north,2.0,-50.0
ORD-100910,2025-03-17,CUST-0107,,WEST,1.0,120.0
ORD-100813,2025-08-13,CUST-0018,Home_Kitchen,South,5.0,0.0
ORD-100238,2026-04-21,CUST-0025,,South,1.0,15.0
ORD-100145,"Feb 04, 2025",CUST-0107,Books,WEST,2.0,
ORD-100792,2025-05-27,CUST-0099,Home_Kitchen,,-1.0,899.0
ORD-100234,31/01/2025,CUST-0128,,north,-1.0,15.0
ORD-100220,2026-04-23,CUST-0058,Clothing,north,1.0,0.0
ORD-100923,"Jul 24, 2025",CUST-0103,Books,East,5.0,45.5
ORD-100500,2025-02-18,CUST-0048,Home_Kitchen,north,5.0,0.0
ORD-100132,2025-11-21,CUST-0053,Home & Kitchen,,1.0,
ORD-100158,2025-04-12,CUST-0126,Home & Kitchen,South,2.0,299.99
ORD-100774,06/05/2026,CUST-0036,,West,5.0,-50.0
ORD-100185,19/06/2025,CUST-0016,CLOTHING,East,,0.0
ORD-100041,2025-05-27,CUST-0148,Clothing,north,-1.0,120.0
ORD-100696,2025-06-09,CUST-0012,electronics,north,12.0,25.0
ORD-100108,2026-03-16,CUST-0055,Home & Kitchen,WEST,-1.0,-50.0
ORD-100588,missing_date_error,CUST-0075,Clothing,,12.0,0.0
ORD-100056,2026-05-07,CUST-0143,Clothing,North,10.0,
ORD-100405,2026-03-27,CUST-0113,,West,3.0,25.0
ORD-100442,2025-12-20,CUST-0026,electronics,South,3.0,45.5
ORD-100757,2025-06-19,CUST-0043,CLOTHING,,-1.0,45.5
ORD-100572,07/03/2025,CUST-0035,Books,West,4.0,25.0
ORD-100024,2026-03-22,CUST-0009,Home_Kitchen,north,4.0,899.0
ORD-100467,23/05/2025,CUST-0090,CLOTHING,north,5.0,0.0
ORD-100539,25/01/2025,CUST-0035,Electronics,South,2.0,-50.0
ORD-100531,2025-05-26,CUST-0030,Electronics,West,,-50.0
ORD-100618,2025-09-21,CUST-0090,Electronics,South,2.0,120.0
ORD-100694,2025-12-10,CUST-0088,Home_Kitchen,West,10.0,
ORD-100926,2026-04-07,CUST-0073,CLOTHING,north,2.0,15.0
ORD-100338,2025-01-05,CUST-0063,,West,,15.0
ORD-100051,2026-02-06,CUST-0016,electronics,WEST,1.0,120.0
ORD-100507,"Aug 07, 2025",CUST-0110,CLOTHING,,4.0,45.5
ORD-100516,"Apr 08, 2025",CUST-0138,Home & Kitchen,South,-1.0,899.0
ORD-100920,10/10/2025,CUST-0058,Clothing,North,,
ORD-100781,"Jul 06, 2025",CUST-0007,Books,,3.0,25.0
ORD-100264,2025-01-17,CUST-0146,Home_Kitchen,north,12.0,15.0
ORD-100817,17/02/2026,CUST-0011,Home & Kitchen,north,12.0,120.0
ORD-100710,2026-03-15,CUST-0071,Home_Kitchen,North,2.0,0.0
ORD-100682,2025-05-06,CUST-0110,Home & Kitchen,East,10.0,45.5
ORD-100832,2025-11-01,CUST-0080,electronics,East,2.0,
ORD-100518,20/11/2025,CUST-0094,Clothing,,1.0,25.0
ORD-100447,2025-11-29,CUST-0143,Electronics,north,12.0,299.99
ORD-100018,2025-05-05,CUST-0005,Home_Kitchen,North,3.0,
ORD-100715,10/03/2025,CUST-0096,,,2.0,
ORD-100483,26/04/2026,CUST-0030,electronics,,10.0,25.0
ORD-100568,2026-04-28,CUST-0014,,South,-1.0,899.0
ORD-100433,"Jan 28, 2026",CUST-0091,Books,North,-1.0,0.0
ORD-100367,14/06/2025,CUST-0078,Clothing,South,10.0,-50.0
ORD-100083,2025-08-20,CUST-0100,Electronics,WEST,12.0,299.99
ORD-100061,2025-04-20,CUST-0135,electronics,north,3.0,45.5
ORD-100638,2025-08-13,CUST-0044,Clothing,WEST,3.0,120.0
ORD-100272,missing_date_error,CUST-0089,Books,,12.0,120.0
ORD-100285,2025-12-27,CUST-0126,Electronics,East,12.0,25.0
ORD-100360,2025-06-19,CUST-0064,Home_Kitchen,North,12.0,-50.0
ORD-100354,2025-05-31,CUST-0108,Home_Kitchen,WEST,,15.0
ORD-100456,2026-04-22,CUST-0129,Electronics,West,10.0,0.0
ORD-100278,2026-01-13,CUST-0088,Clothing,North,3.0,899.0
ORD-100012,2025-06-26,CUST-0040,Clothing,South,10.0,120.0
ORD-100182,2026-03-30,CUST-0130,Clothing,WEST,10.0,-50.0
ORD-100368,2025-02-08,CUST-0002,electronics,WEST,-1.0,-50.0
ORD-100881,2026-04-17,CUST-0093,,West,,899.0
ORD-100615,2025-11-07,CUST-0009,Electronics,West,5.0,120.0
ORD-100223,2026-01-30,CUST-0009,Electronics,,12.0,
ORD-100572,07/03/2025,CUST-0035,Books,West,4.0,25.0
ORD-100098,2025-02-01,CUST-0019,Electronics,North,12.0,45.5
ORD-100653,2025-05-16,CUST-0038,CLOTHING,WEST,10.0,299.99
ORD-100545,2025-09-29,CUST-0047,,South,4.0,45.5
ORD-100582,2025-06-11,CUST-0126,electronics,South,4.0,25.0
ORD-100633,"Jan 30, 2026",CUST-0090,Home & Kitchen,South,,-50.0
ORD-100176,2025-10-22,CUST-0036,Home & Kitchen,North,1.0,-50.0
ORD-100665,2025-02-22,CUST-0024,Books,,1.0,-50.0
ORD-100673,2025-12-10,CUST-0149,Electronics,North,12.0,45.5
ORD-100585,2026-03-17,CUST-0145,Home_Kitchen,North,5.0,120.0
ORD-100873,2025-04-23,CUST-0135,Home_Kitchen,,12.0,299.99
ORD-100393,"Oct 10, 2025",CUST-0101,electronics,North,5.0,15.0
ORD-100163,2025-05-02,CUST-0044,,north,2.0,0.0
ORD-100248,2025-04-13,CUST-0072,Electronics,West,,120.0
ORD-100634,09/01/2026,CUST-0137,Home_Kitchen,WEST,3.0,120.0
ORD-100885,19/06/2025,CUST-0043,Books,north,1.0,299.99
ORD-100669,"Nov 08, 2025",CUST-0095,,South,10.0,45.5
ORD-100375,2025-06-16,CUST-0111,Electronics,north,5.0,45.5
ORD-100412,2026-01-26,CUST-0062,Clothing,,1.0,0.0
ORD-100074,2025-04-27,CUST-0037,Electronics,South,10.0,45.5
ORD-100113,23/03/2026,CUST-0053,Home_Kitchen,West,4.0,899.0
ORD-100598,2026-02-23,CUST-0141,CLOTHING,North,-1.0,45.5
ORD-100846,2026-04-13,CUST-0063,electronics,West,5.0,
ORD-100390,2025-08-08,CUST-0084,CLOTHING,north,,25.0
ORD-100104,missing_date_error,CUST-0054,Home & Kitchen,north,-1.0,45.5
ORD-100114,2025-05-27,CUST-0102,,WEST,12.0,25.0
ORD-100417,2026-01-09,CUST-0019,Home & Kitchen,north,2.0,45.5
ORD-100525,"Jan 02, 2026",CUST-0136,CLOTHING,WEST,1.0,45.5
ORD-100457,2025-05-16,CUST-0039,,WEST,12.0,899.0
ORD-100409,"Dec 27, 2025",CUST-0128,CLOTHING,West,1.0,-50.0
ORD-100092,"May 14, 2026",CUST-0138,,North,5.0,-50.0
ORD-100930,missing_date_error,CUST-0142,Electronics,WEST,1.0,899.0
ORD-100089,2025-05-07,CUST-0116,CLOTHING,WEST,1.0,45.5
ORD-100336,2025-04-13,CUST-0022,Home & Kitchen,north,-1.0,
ORD-100104,missing_date_error,CUST-0054,Home & Kitchen,north,-1.0,45.5
ORD-100921,2025-07-22,CUST-0133,CLOTHING,West,10.0,45.5
ORD-100933,2026-03-15,CUST-0095,,South,12.0,120.0
ORD-100605,2026-03-02,CUST-0094,Home & Kitchen,WEST,2.0,-50.0
ORD-100593,2025-05-14,CUST-0074,CLOTHING,North,4.0,
ORD-100611,2026-02-12,CUST-0109,Electronics,,-1.0,-50.0
ORD-100094,2025-06-10,CUST-0014,Home & Kitchen,,-1.0,
ORD-100011,2025-11-21,CUST-0089,,WEST,5.0,15.0
ORD-100396,2026-04-28,CUST-0145,Books,WEST,4.0,899.0
ORD-100533,"Oct 10, 2025",CUST-0091,,East,1.0,120.0
ORD-100043,2025-01-06,CUST-0061,Books,WEST,4.0,899.0
ORD-100042,2025-06-06,CUST-0083,CLOTHING,North,5.0,45.5
ORD-100329,2026-03-16,  CUST-0022 ,,,4.0,45.5
ORD-100167,25/01/2026,CUST-0048,  Books  ,north,4.0,120.0
ORD-100497,2025-10-14,CUST-0060,electronics,North,1.0,-50.0
ORD-100876,2026-03-26,CUST-0148,CLOTHING,West,12.0,15.0
ORD-100597,2025-01-20,CUST-0127,,East,3.0,299.99
ORD-100756,2026-01-10,CUST-0003,,South,10.0,899.0
ORD-100100,2025-08-05,,Home_Kitchen,north,4.0,45.5
ORD-100426,2025-11-21,CUST-0010,Books,north,12.0,0.0
ORD-100178,2026-01-29,CUST-0018,Electronics,South,10.0,45.5
ORD-100444,2025-12-16,CUST-0057,electronics,North,2.0,299.99
ORD-100416,2025-02-22,CUST-0097,Electronics,South,-1.0,899.0
ORD-100870,2025-10-07,CUST-0086,Books,West,10.0,45.5
ORD-100882,06/07/2025,CUST-0015,Books,South,2.0,45.5
ORD-100680,2026-02-12,CUST-0102,Electronics,North,4.0,15.0
ORD-100177,2025-09-17,CUST-0060,CLOTHING,East,4.0,120.0
ORD-100395,2025-01-17,CUST-0030,Clothing,WEST,4.0,25.0
ORD-100911,2025-11-13,CUST-0082,CLOTHING,East,4.0,-50.0
ORD-100793,2025-12-04,CUST-0029,Clothing,north,2.0,0.0
ORD-100323,2025-04-27,CUST-0027,CLOTHING,West,12.0,
ORD-100684,2026-01-18,CUST-0127,CLOTHING,North,5.0,899.0
ORD-100383,2026-04-20,CUST-0046,CLOTHING,South,12.0,0.0
ORD-100956,missing_date_error,CUST-0097,Books,West,2.0,299.99
ORD-100751,2025-05-05,CUST-0035,,West,1.0,15.0
ORD-100257,2025-09-23,CUST-0037,Home_Kitchen,South,10.0,25.0
ORD-100538,2026-01-20,CUST-0022,Home_Kitchen,,12.0,899.0
ORD-100335,"Jul 11, 2025",CUST-0100,Electronics,North,12.0,899.0
ORD-100015,2026-04-21,CUST-0029,Home_Kitchen,WEST,10.0,120.0
ORD-100324,2026-03-25,CUST-0007,Home_Kitchen,South,2.0,120.0
ORD-100758,missing_date_error,CUST-0113,Clothing,East,10.0,45.5
ORD-100222,2025-10-02,CUST-0021,,North,3.0,25.0
ORD-100179,2025-06-16,CUST-0039,Electronics,,2.0,120.0
ORD-100421,01/11/2025,CUST-0103,Books,South,1.0,15.0
ORD-100022,2025-05-26,CUST-0026,electronics,,5.0,120.0
ORD-100356,2026-04-19,CUST-0124,CLOTHING,West,-1.0,899.0
ORD-100666,02/10/2025,CUST-0104,,East,12.0,0.0
ORD-100861,"Jul 14, 2025",CUST-0134,Electronics,,10.0,120.0
ORD-100340,2025-04-10,CUST-0134,Home & Kitchen,South,-1.0,299.99
ORD-100431,2025-02-03,CUST-0028,Clothing,West,3.0,299.99
ORD-100551,2025-04-23,  CUST-0022 ,CLOTHING,East,4.0,299.99
ORD-100833,2025-06-04,CUST-0021,CLOTHING,South,4.0,120.0
ORD-100203,2026-01-18,CUST-0028,Home & Kitchen,north,3.0,25.0
ORD-100630,2025-10-04,CUST-0053,Home_Kitchen,WEST,3.0,45.5
ORD-100093,2026-04-17,CUST-0049,Electronics,north,1.0,-50.0
ORD-100558,2026-03-17,CUST-0138,Books,South,1.0,0.0
ORD-100068,2025-05-08,CUST-0048,Clothing,,5.0,15.0
ORD-100622,2025-09-01,CUST-0061,Home_Kitchen,north,5.0,15.0
ORD-100284,2026-01-22,CUST-0116,CLOTHING,East,2.0,45.5
ORD-100844,2025-11-25,CUST-0062,,West,5.0,120.0
ORD-100434,"Sep 17, 2025",CUST-0043,CLOTHING,North,10.0,25.0
ORD-100153,2026-03-17,CUST-0063,Books,South,10.0,-50.0
ORD-100075,"Sep 17, 2025",CUST-0119,Books,South,5.0,
ORD-100730,2025-02-22,CUST-0058,CLOTHING,South,3.0,899.0
ORD-100446,2025-06-20,CUST-0133,Home_Kitchen,West,1.0,$149.00
ORD-100188,2025-04-30,CUST-0005,CLOTHING,South,12.0,899.0
ORD-100271,2026-01-29,CUST-0129,Books,WEST,2.0,45.5
ORD-100236,2026-04-17,CUST-0085,Home & Kitchen,WEST,3.0,25.0
ORD-100487,2025-03-20,CUST-0043,electronics,WEST,4.0,$299.00
ORD-100117,2025-08-01,CUST-0083,electronics,South,12.0,120.0
ORD-100943,2025-11-02,CUST-0051,Electronics,West,12.0,899.0
ORD-100512,2026-03-24,CUST-0072,Clothing,north,12.0,120.0
ORD-100825,2025-05-08,CUST-0103,Home_Kitchen,West,4.0,15.0
ORD-100591,2025-02-17,CUST-0058,electronics,north,3.0,299.99
ORD-100126,missing_date_error,CUST-0132,,South,10.0,299.99
ORD-100116,2026-02-23,CUST-0142,Clothing,north,5.0,299.99
ORD-100473,2026-04-20,CUST-0124,Home_Kitchen,north,-1.0,25.0
ORD-100693,2026-02-07,CUST-0125,Home_Kitchen,WEST,10.0,120.0
ORD-100057,"Mar 19, 2025",CUST-0127,Books,East,12.0,
ORD-100863,2025-05-06,CUST-0067,Books,WEST,1.0,45.5
ORD-100912,2025-03-21,CUST-0070,Clothing,East,2.0,-50.0
ORD-100369,missing_date_error,CUST-0102,  CLOTHING  ,,1.0,
ORD-100268,2025-11-23,CUST-0099,Electronics,South,,0.0
ORD-100046,18/03/2026,CUST-0134,,North,10.0,15.0
ORD-100349,2026-01-18,CUST-0038,Home & Kitchen,East,12.0,120.0
ORD-100195,2026-01-13,CUST-0136,CLOTHING,East,,899.0
ORD-100706,2025-12-07,CUST-0052,Home_Kitchen,north,3.0,299.99
ORD-100834,"Mar 21, 2025",CUST-0131,Books,north,-1.0,
ORD-100736,01/01/2026,CUST-0031,,,5.0,0.0
ORD-100263,2026-02-11,CUST-0062,Electronics,,1.0,120.0
ORD-100443,2025-12-28,CUST-0067,Clothing,north,,899.0
ORD-100675,2025-05-05,CUST-0024,CLOTHING,South,1.0,25.0
ORD-100304,2026-03-19,CUST-0082,Clothing,,2.0,-50.0
ORD-100341,2025-12-23,CUST-0044,Books,North,2.0,25.0
ORD-100277,"Oct 04, 2025",CUST-0020,Books,East,12.0,299.99
ORD-100149,2026-04-28,CUST-0085,Home_Kitchen,East,4.0,299.99
ORD-100124,2026-04-22,CUST-0067,Home_Kitchen,South,5.0,-50.0
ORD-100786,2025-06-07,CUST-0049,CLOTHING,West,,299.99
ORD-100050,2025-07-24,CUST-0071,Home & Kitchen,North,3.0,299.99
ORD-100353,2026-04-24,CUST-0071,Clothing,North,12.0,120.0
ORD-100927,19/04/2025,CUST-0080,electronics,South,12.0,-50.0
ORD-100142,2026-04-28,CUST-0142,Home & Kitchen,East,10.0,25.0
ORD-100470,2025-05-17,CUST-0117,Books,,2.0,120.0
ORD-100399,2025-05-06,CUST-0140,,North,2.0,25.0
ORD-100625,2025-12-10,CUST-0090,,North,4.0,120.0
ORD-100320,2026-02-12,CUST-0143,Home & Kitchen,North,5.0,299.99
ORD-100019,19/04/2025,CUST-0062,Home & Kitchen,North,1.0,0.0
ORD-100809,2025-12-29,CUST-0121,Home & Kitchen,West,2.0,15.0
ORD-100790,29/09/2025,CUST-0062,,West,,
ORD-100808,2025-05-14,CUST-0045,,East,1.0,
ORD-100407,2025-07-14,CUST-0018,Home_Kitchen,South,2.0,899.0
ORD-100537,06/07/2025,cust_unknown,electronics,West,-1.0,0.0
ORD-100620,2025-11-27,CUST-0113,Home_Kitchen,WEST,3.0,299.99
ORD-100038,2025-03-09,CUST-0060,,West,5.0,0.0
ORD-100175,"Apr 06, 2026",CUST-0106,CLOTHING,South,4.0,899.0
ORD-100245,2026-03-30,CUST-0070,Home & Kitchen,,4.0,15.0
ORD-100828,2025-02-24,CUST-0138,,East,1.0,299.99
ORD-100667,2026-03-03,CUST-0132,electronics,South,2.0,-50.0
ORD-100754,2025-08-03,CUST-0136,Clothing,South,4.0,45.5
ORD-100858,17/02/2026,CUST-0042,electronics,north,4.0,45.5
ORD-100154,23/03/2026,CUST-0128,CLOTHING,North,,-50.0
ORD-100287,2025-10-02,CUST-0092,Clothing,North,1.0,899.0
ORD-100602,2026-03-19,CUST-0030,Electronics,West,2.0,299.99
ORD-100569,"May 16, 2025",CUST-0092,Home_Kitchen,North,1.0,120.0
ORD-100743,2025-02-03,CUST-0023,CLOTHING,East,4.0,899.0
ORD-100017,2025-07-15,CUST-0108,Electronics,North,3.0,$149.00
ORD-100127,18/09/2025,CUST-0128,,WEST,10.0,299.99
ORD-100322,2025-03-06,CUST-0105,Clothing,East,4.0,0.0
ORD-100255,2026-02-25,CUST-0054,CLOTHING,North,12.0,15.0
ORD-100657,2025-05-16,CUST-0126,Clothing,north,-1.0,120.0
ORD-100819,2025-02-04,CUST-0102,Home_Kitchen,East,3.0,299.99
ORD-100190,25/02/2025,CUST-0137,CLOTHING,WEST,2.0,
ORD-100115,missing_date_error,CUST-0062,Electronics,,5.0,45.5
ORD-100616,2025-10-03,CUST-0116,Clothing,West,3.0,-50.0
ORD-100606,21/04/2026,CUST-0139,Books,north,3.0,299.99
ORD-100180,19/04/2025,CUST-0003,Home & Kitchen,South,12.0,-50.0
ORD-100301,2025-03-07,CUST-0098,,WEST,1.0,25.0
ORD-100759,missing_date_error,CUST-0090,,South,2.0,-50.0
ORD-100712,2025-03-23,CUST-0093,Electronics,North,,25.0
ORD-100723,missing_date_error,CUST-0025,Electronics,East,3.0,0.0
ORD-100685,2025-08-05,CUST-0069,CLOTHING,,5.0,15.0
ORD-100288,2025-02-25,CUST-0142,electronics,WEST,3.0,-50.0
ORD-100517,06/07/2025,CUST-0048,CLOTHING,WEST,12.0,299.99
ORD-100348,2025-01-23,CUST-0127,Books,South,3.0,45.5
ORD-100045,2025-02-25,CUST-0037,electronics,north,5.0,899.0
ORD-100909,2026-04-13,CUST-0064,electronics,West,,15.0
ORD-100157,2025-08-25,CUST-0066,CLOTHING,North,,0.0
ORD-100851,2025-02-22,CUST-0015,Home_Kitchen,,1.0,
ORD-100171,missing_date_error,CUST-0009,  Electronics  ,East,2.0,25.0
ORD-100016,"May 17, 2025",CUST-0009,Clothing,East,-1.0,45.5
ORD-100511,2025-01-17,CUST-0053,electronics,North,5.0,-50.0
ORD-100048,2026-05-06,CUST-0106,Clothing,WEST,3.0,899.0
ORD-100547,2025-11-26,CUST-0037,CLOTHING,north,10.0,
ORD-100940,2025-01-26,CUST-0095,Home_Kitchen,West,10.0,15.0
ORD-100515,2025-10-01,CUST-0027,electronics,WEST,1.0,120.0
ORD-100952,05/08/2025,CUST-0089,Clothing,South,5.0,15.0
ORD-100480,2026-02-18,CUST-0018,,West,5.0,120.0
ORD-100283,2025-04-13,CUST-0070,Electronics,North,2.0,15.0
ORD-100718,2026-03-22,CUST-0102,,WEST,,
ORD-100877,2025-02-05,CUST-0020,Electronics,,12.0,299.99
ORD-100225,2026-03-24,CUST-0104,Books,north,3.0,25.0
ORD-100026,2025-06-24,CUST-0013,CLOTHING,north,-1.0,45.5
ORD-100954,"Mar 19, 2026",CUST-0086,Electronics,,,120.0
ORD-100437,2026-02-06,CUST-0103,Home & Kitchen,,4.0,15.0
ORD-100951,2025-12-19,CUST-0139,Clothing,,5.0,45.5
ORD-100364,09/01/2026,CUST-0118,  Home & Kitchen  ,West,5.0,45.5
ORD-100229,2025-01-17,CUST-0122,electronics,South,12.0,899.0
ORD-100037,2026-04-10,CUST-0075,,North,2.0,299.99
ORD-100308,2026-01-19,CUST-0002,Home_Kitchen,East,2.0,45.5
ORD-100374,2025-04-15,CUST-0086,,South,3.0,899.0
ORD-100469,missing_date_error,CUST-0088,electronics,East,,0.0
ORD-100714,20/05/2025,CUST-0022,,WEST,2.0,-50.0
ORD-100850,2025-04-18,CUST-0117,Electronics,East,,0.0
ORD-100704,"Oct 04, 2025",CUST-0001,Home & Kitchen,WEST,10.0,15.0
ORD-100841,missing_date_error,CUST-0017,CLOTHING,East,1.0,25.0
ORD-100194,2025-12-11,CUST-0005,,West,4.0,25.0
ORD-100854,"Dec 05, 2025",CUST-0031,Electronics,West,,15.0
ORD-100864,2025-08-24,CUST-0043,Electronics,East,3.0,15.0
ORD-100503,missing_date_error,CUST-0008,Books,South,1.0,299.99
ORD-100371,2025-02-06,CUST-0098,electronics,North,5.0,15.0
ORD-100830,2025-06-11,CUST-0072,Home & Kitchen,north,1.0,25.0
ORD-100579,10/10/2025,CUST-0126,Books,WEST,12.0,899.0
ORD-100704,"Oct 04, 2025",CUST-0001,Home & Kitchen,WEST,10.0,15.0
ORD-100162,missing_date_error,CUST-0091,Home & Kitchen,East,-1.0,299.99
ORD-100908,2025-11-12,CUST-0083,Electronics,North,2.0,899.0
ORD-100152,2025-07-14,CUST-0146,Home & Kitchen,WEST,5.0,
ORD-100801,2025-12-04,CUST-0082,Books,north,5.0,15.0
ORD-100851,2025-02-22,CUST-0015,Home_Kitchen,,1.0,
ORD-100755,"Feb 25, 2026",CUST-0145,,WEST,10.0,299.99
ORD-100111,2026-03-18,CUST-0123,electronics,East,2.0,-50.0
ORD-100226,2025-12-09,CUST-0098,Books,West,10.0,899.0
ORD-100688,2025-02-09,CUST-0087,Clothing,north,-1.0,25.0
ORD-100103,2025-12-23,CUST-0123,Books,north,-1.0,0.0
ORD-100421,01/11/2025,CUST-0103,Books,South,1.0,15.0
ORD-100419,2025-07-01,CUST-0123,Books,north,1.0,
ORD-100750,2025-03-25,CUST-0098,Clothing,South,12.0,$299.00
ORD-100586,2025-03-20,CUST-0008,electronics,,,25.0
ORD-100780,02/10/2025,CUST-0073,Clothing,North,3.0,899.0
ORD-100672,14/07/2025,CUST-0084,Home & Kitchen,north,12.0,299.99
ORD-100119,2026-05-08,CUST-0098,Home & Kitchen,South,-1.0,120.0
ORD-100053,2026-01-29,cust_unknown,Books,North,,
ORD-100151,2025-08-25,CUST-0098,Home & Kitchen,WEST,-1.0,-50.0
ORD-100403,"Jan 01, 2026",CUST-0119,Clothing,West,,
ORD-100945,2025-11-17,CUST-0063,,West,1.0,25.0
ORD-100207,2025-01-01,CUST-0062,Electronics,,4.0,899.0
ORD-100658,2026-04-28,CUST-0037,Clothing,East,-1.0,25.0
ORD-100843,2026-03-30,CUST-0112,CLOTHING,West,5.0,899.0
ORD-100762,2025-04-12,CUST-0106,Home_Kitchen,,12.0,45.5
ORD-100008,2026-02-23,CUST-0059,Books,,5.0,
ORD-100807,2025-12-19,CUST-0140,,north,4.0,120.0
ORD-100036,2025-01-03,CUST-0129,Home & Kitchen,East,2.0,
ORD-100452,2025-12-12,CUST-0096,Books,north,12.0,45.5
ORD-100651,2025-06-24,CUST-0034,  Books  ,north,3.0,-50.0
ORD-100253,2025-12-06,CUST-0081,Clothing,East,3.0,120.0
ORD-100303,"Mar 17, 2026",CUST-0100,electronics,WEST,4.0,899.0
ORD-100746,2026-01-02,CUST-0081,Books,East,1.0,0.0
ORD-100571,2025-08-15,CUST-0125,Electronics,north,5.0,25.0
ORD-100623,missing_date_error,CUST-0054,Clothing,East,4.0,299.99
ORD-100732,2026-04-29,CUST-0114,Home & Kitchen,North,3.0,299.99
ORD-100891,2025-07-25,CUST-0030,Home & Kitchen,East,3.0,-50.0
ORD-100262,2025-07-15,CUST-0145,,South,10.0,
ORD-100610,2025-02-02,CUST-0056,CLOTHING,North,,25.0
ORD-100297,2025-08-13,CUST-0019,,North,-1.0,15.0
ORD-100414,missing_date_error,CUST-0040,Home_Kitchen,,,25.0
ORD-100150,missing_date_error,CUST-0059,CLOTHING,South,,-50.0
ORD-100788,"May 16, 2026",CUST-0076,Electronics,,2.0,
ORD-100640,2025-12-10,CUST-0075,,South,4.0,0.0
ORD-100889,2026-03-10,CUST-0027,Clothing,,3.0,25.0
ORD-100550,missing_date_error,CUST-0108,,East,1.0,0.0
ORD-100886,"Sep 28, 2025",CUST-0095,electronics,north,,899.0
ORD-100488,missing_date_error,CUST-0063,Books,north,4.0,45.5
ORD-100147,2025-10-23,CUST-0040,Electronics,West,1.0,15.0
ORD-100146,2025-08-15,CUST-0076,electronics,north,3.0,45.5
ORD-100720,2025-03-26,CUST-0060,Clothing,,12.0,120.0
ORD-100931,"Jun 29, 2025",CUST-0117,Clothing,WEST,10.0,120.0
ORD-100739,2026-04-10,CUST-0123,Clothing,north,5.0,25.0
ORD-100659,"Mar 29, 2025",CUST-0148,,WEST,1.0,-50.0
ORD-100348,2025-01-23,CUST-0127,Books,South,3.0,45.5
ORD-100463,2026-03-18,CUST-0107,electronics,,12.0,25.0
ORD-100325,2025-08-31,CUST-0023,Books,north,2.0,
ORD-100186,2025-08-09,CUST-0124,Home_Kitchen,,3.0,-50.0
ORD-100123,2025-11-10,CUST-0079,Electronics,East,3.0,15.0
ORD-100853,2025-06-08,CUST-0045,Electronics,East,,899.0
ORD-100608,2025-06-23,CUST-0113,Home & Kitchen,WEST,3.0,899.0
ORD-100143,2025-02-08,CUST-0150,Clothing,North,1.0,25.0
ORD-100958,2026-03-07,CUST-0027,  Home_Kitchen  ,north,3.0,45.5
ORD-100197,2025-05-22,CUST-0138,CLOTHING,East,4.0,0.0
ORD-100609,2025-09-17,CUST-0140,Clothing,north,1.0,899.0
ORD-100279,2025-09-17,  CUST-0022 ,  Electronics  ,South,5.0,120.0
ORD-100293,"Oct 29, 2025",CUST-0098,Books,West,10.0,299.99
ORD-100400,missing_date_error,CUST-0047,CLOTHING,South,-1.0,-50.0
ORD-100122,2025-12-02,CUST-0092,Books,,3.0,0.0
ORD-100183,19/10/2025,CUST-0117,CLOTHING,WEST,-1.0,120.0
ORD-100202,2026-01-04,CUST-0046,electronics,WEST,1.0,25.0
ORD-100438,23/05/2025,CUST-0085,,north,-1.0,-50.0
ORD-100246,2026-02-02,CUST-0012,,East,3.0,899.0
ORD-100415,2026-01-26,CUST-0109,Home & Kitchen,,-1.0,-50.0
ORD-100932,2025-01-30,CUST-0003,CLOTHING,north,-1.0,299.99
ORD-100765,2026-03-26,CUST-0023,Electronics,north,4.0,15.0
ORD-100906,2026-01-20,CUST-0108,Home & Kitchen,,5.0,899.0
ORD-100835,2026-03-18,CUST-0053,Books,East,-1.0,899.0
ORD-100887,missing_date_error,CUST-0041,,WEST,-1.0,
ORD-100129,2025-01-29,CUST-0026,CLOTHING,north,10.0,15.0
ORD-100637,2026-03-29,CUST-0138,electronics,South,10.0,15.0
ORD-100402,2025-05-06,CUST-0007,Home_Kitchen,north,2.0,120.0
ORD-100784,23/08/2025,CUST-0133,  CLOTHING  ,north,3.0,45.5
ORD-100770,2026-04-10,CUST-0099,  CLOTHING  ,North,,299.99
ORD-100735,2025-04-08,CUST-0088,Home & Kitchen,WEST,-1.0,15.0
ORD-100913,05/10/2025,CUST-0020,CLOTHING,East,10.0,120.0
ORD-100219,2025-04-12,CUST-0063,Home & Kitchen,,1.0,45.5
ORD-100641,2025-02-05,CUST-0075,Books,North,4.0,299.99
ORD-100915,2025-01-01,CUST-0096,Home & Kitchen,north,1.0,120.0
ORD-100752,2025-07-24,CUST-0037,,WEST,10.0,899.0
ORD-100806,2025-12-14,CUST-0094,Clothing,North,4.0,25.0
ORD-100919,2025-12-28,CUST-0046,Home_Kitchen,East,4.0,0.0
ORD-100624,2026-03-23,,electronics,South,4.0,
ORD-100874,2025-10-20,CUST-0017,Home_Kitchen,WEST,5.0,0.0
ORD-100760,2025-04-09,CUST-0055,Electronics,South,1.0,120.0
ORD-100386,2025-04-22,CUST-0075,,East,3.0,45.5
ORD-100593,2025-05-14,CUST-0074,CLOTHING,North,4.0,
ORD-100509,2025-11-27,CUST-0002,Home & Kitchen,north,12.0,15.0
ORD-100267,2026-04-30,CUST-0085,Home & Kitchen,South,1.0,120.0
ORD-100819,2025-02-04,CUST-0102,Home_Kitchen,East,3.0,299.99
ORD-100441,missing_date_error,CUST-0003,Home & Kitchen,,3.0,899.0
ORD-100496,2026-04-27,CUST-0119,,,5.0,
ORD-100112,2026-04-26,CUST-0063,,South,-1.0,
ORD-100691,2025-04-27,CUST-0034,Home & Kitchen,north,12.0,120.0
ORD-100232,2026-03-14,CUST-0044,Electronics,East,4.0,
ORD-100869,2025-02-27,CUST-0008,Home_Kitchen,,,
ORD-100607,24/03/2025,CUST-0011,Electronics,East,,45.5
ORD-100671,2026-05-04,CUST-0125,Clothing,West,4.0,899.0
ORD-100373,2025-01-10,CUST-0113,,North,12.0,120.0
ORD-100797,2025-03-05,CUST-0019,Clothing,,5.0,15.0
ORD-100842,13/03/2026,CUST-0080,Clothing,South,4.0,-50.0
ORD-100233,2026-04-18,CUST-0022,Home_Kitchen,north,1.0,15.0
ORD-100785,2025-03-09,CUST-0131,electronics,East,10.0,25.0
ORD-100676,2026-04-17,CUST-0118,CLOTHING,West,12.0,-50.0
ORD-100317,"Dec 05, 2025",CUST-0111,Books,north,12.0,15.0
ORD-100648,2025-06-04,CUST-0016,Home & Kitchen,West,4.0,899.0
ORD-100410,2025-02-11,CUST-0036,Electronics,north,-1.0,-50.0
ORD-100898,2025-09-25,CUST-0012,Home & Kitchen,North,2.0,15.0
ORD-100709,missing_date_error,CUST-0041,Home & Kitchen,West,10.0,25.0
ORD-100358,2025-01-17,CUST-0093,,East,,899.0
ORD-100258,2025-11-14,CUST-0102,Home & Kitchen,,5.0,45.5
ORD-100744,2026-01-04,CUST-0027,electronics,South,1.0,899.0
ORD-100627,2025-01-19,CUST-0043,Books,north,,25.0
ORD-100632,2026-04-08,CUST-0146,electronics,north,10.0,899.0
ORD-100282,2025-04-20,CUST-0008,Home & Kitchen,South,,25.0
ORD-100376,2025-12-04,  CUST-0022 ,Home & Kitchen,north,1.0,899.0
ORD-100384,"Aug 19, 2025",CUST-0102,Books,North,12.0,-50.0
ORD-100224,2025-10-07,CUST-0024,electronics,north,2.0,0.0
ORD-100953,13/03/2026,CUST-0003,Home & Kitchen,WEST,12.0,-50.0
ORD-100814,2026-01-21,CUST-0004,,West,-1.0,15.0
ORD-100472,missing_date_error,CUST-0134,electronics,WEST,-1.0,45.5
ORD-100347,2025-08-12,CUST-0069,Home_Kitchen,South,,45.5
ORD-100505,2025-04-20,CUST-0116,Books,WEST,4.0,120.0
ORD-100639,2025-08-05,CUST-0083,Clothing,North,3.0,120.0
ORD-100166,24/11/2025,CUST-0126,Electronics,WEST,3.0,$299.00
ORD-100928,missing_date_error,CUST-0084,Books,north,3.0,120.0
ORD-100905,2026-04-30,CUST-0142,Electronics,West,12.0,299.99
ORD-100619,2026-01-20,CUST-0023,Clothing,,3.0,899.0
ORD-100855,16/01/2026,CUST-0004,Books,South,-1.0,120.0
ORD-100803,2025-07-17,CUST-0100,Clothing,West,12.0,899.0
ORD-100645,2025-02-05,CUST-0025,CLOTHING,East,5.0,899.0
ORD-100846,2026-04-13,CUST-0063,electronics,West,5.0,
ORD-100556,2025-02-17,CUST-0048,,West,-1.0,
ORD-100957,2025-06-08,CUST-0079,Books,WEST,5.0,25.0
ORD-100577,26/04/2026,CUST-0127,Electronics,north,2.0,15.0
ORD-100795,28/04/2025,CUST-0128,Books,West,12.0,899.0
ORD-100085,2026-04-25,CUST-0066,Books,East,,0.0
ORD-100242,2026-01-10,CUST-0055,Clothing,,5.0,25.0
ORD-100698,"Feb 18, 2026",CUST-0118,,,3.0,-50.0
ORD-100159,07/03/2025,CUST-0126,Books,East,3.0,120.0
ORD-100524,2026-02-20,CUST-0126,CLOTHING,West,5.0,899.0
ORD-100035,2025-07-14,CUST-0036,Clothing,West,12.0,15.0
ORD-100540,01/04/2026,CUST-0081,Home & Kitchen,West,,299.99
ORD-100170,17/02/2026,CUST-0135,,north,1.0,120.0
ORD-100654,2025-03-26,CUST-0083,  Books  ,WEST,,
ORD-100890,2025-10-24,CUST-0147,Home & Kitchen,West,-1.0,
ORD-100857,2025-03-21,CUST-0003,Home & Kitchen,South,3.0,
ORD-100847,2025-08-15,CUST-0023,Home_Kitchen,WEST,5.0,120.0
ORD-100944,2026-01-31,CUST-0140,CLOTHING,North,5.0,299.99
ORD-100733,"May 14, 2026",CUST-0003,Electronics,West,3.0,
ORD-100095,2025-09-18,CUST-0069,Home_Kitchen,north,5.0,0.0
ORD-100563,2025-05-31,CUST-0074,Home & Kitchen,WEST,4.0,25.0
ORD-100240,"Feb 06, 2026",CUST-0011,CLOTHING,West,10.0,899.0
ORD-100742,"Mar 19, 2025",CUST-0099,Books,East,3.0,
ORD-100574,2025-08-24,CUST-0099,Electronics,East,,15.0
ORD-100690,23/08/2025,CUST-0148,CLOTHING,,1.0,899.0
ORD-100460,2026-02-25,CUST-0124,Electronics,north,-1.0,
ORD-100553,2025-01-01,CUST-0148,CLOTHING,East,5.0,45.5
ORD-100888,2025-09-11,CUST-0066,Home & Kitchen,East,12.0,0.0
ORD-100206,2026-05-04,CUST-0039,Home_Kitchen,East,-1.0,45.5
ORD-100392,2025-10-20,CUST-0072,electronics,WEST,3.0,45.5
ORD-100794,31/08/2025,CUST-0062,electronics,East,-1.0,0.0
ORD-100397,2025-08-15,CUST-0052,Home & Kitchen,,5.0,120.0
ORD-100766,missing_date_error,CUST-0026,Clothing,East,1.0,45.5
ORD-100848,2026-02-18,CUST-0112,Electronics,,12.0,25.0
ORD-100217,25/03/2026,CUST-0118,CLOTHING,North,2.0,299.99
ORD-100004,2025-07-26,CUST-0140,Home & Kitchen,WEST,,0.0
ORD-100768,2025-03-23,CUST-0032,Books,,3.0,899.0
ORD-100642,2025-12-27,CUST-0147,Books,East,1.0,45.5
ORD-100929,2025-04-24,CUST-0023,,north,4.0,0.0
ORD-100612,2025-11-29,CUST-0027,Home_Kitchen,,-1.0,120.0
ORD-100738,2025-04-24,CUST-0034,Home & Kitchen,North,10.0,15.0
ORD-100546,2026-03-05,CUST-0096,Home & Kitchen,East,12.0,15.0
ORD-100725,2025-09-24,CUST-0055,CLOTHING,north,12.0,120.0
ORD-100683,2025-05-22,CUST-0055,Home & Kitchen,East,-1.0,25.0
ORD-100098,2025-02-01,CUST-0019,Electronics,North,12.0,45.5
ORD-100804,29/09/2025,CUST-0146,Home_Kitchen,West,-1.0,
ORD-100727,"Jul 11, 2025",CUST-0020,Home_Kitchen,WEST,1.0,299.99
ORD-100573,"Sep 17, 2025",CUST-0050,CLOTHING,,3.0,
ORD-100406,2025-11-05,CUST-0075,Books,South,10.0,0.0
ORD-100502,2025-09-23,CUST-0102,Electronics,East,10.0,
ORD-100047,"Jun 21, 2025",CUST-0057,electronics,,3.0,899.0
ORD-100032,06/02/2025,CUST-0139,Home & Kitchen,West,1.0,120.0
ORD-100779,"May 16, 2025",CUST-0142,Clothing,north,-1.0,-50.0
ORD-100839,missing_date_error,CUST-0101,Home & Kitchen,north,12.0,15.0
ORD-100200,2025-07-16,CUST-0129,Home_Kitchen,North,-1.0,0.0
ORD-100134,2025-08-25,CUST-0081,CLOTHING,north,1.0,25.0
ORD-100027,2025-06-24,CUST-0063,,,2.0,-50.0
ORD-100880,2025-03-22,CUST-0131,Books,West,,0.0
ORD-100230,2026-05-15,CUST-0015,Clothing,North,,
ORD-100489,2026-01-03,CUST-0133,Home & Kitchen,North,,45.5
ORD-100772,2025-08-01,CUST-0110,Electronics,WEST,3.0,25.0
ORD-100378,2026-02-18,CUST-0077,Home_Kitchen,South,4.0,-50.0
ORD-100288,2025-02-25,CUST-0142,electronics,WEST,3.0,-50.0
ORD-100418,28/06/2025,CUST-0115,Books,WEST,4.0,0.0
ORD-100674,"Jan 03, 2026",CUST-0001,electronics,East,-1.0,0.0
ORD-100391,2025-12-19,CUST-0097,electronics,north,3.0,45.5
ORD-100592,2025-06-23,CUST-0138,,West,12.0,899.0
ORD-100498,11/01/2025,CUST-0104,electronics,East,,
ORD-100138,18/08/2025,CUST-0057,  Electronics  ,North,2.0,15.0
ORD-100062,2026-03-11,CUST-0082,electronics,North,12.0,899.0
ORD-100471,2025-07-28,CUST-0053,,North,2.0,299.99
ORD-100647,2025-02-13,CUST-0106,electronics,West,4.0,899.0
ORD-100128,missing_date_error,CUST-0120,CLOTHING,,5.0,
ORD-100013,2026-04-24,CUST-0071,Clothing,North,,15.0
ORD-100520,19/06/2025,CUST-0051,CLOTHING,West,3.0,45.5
ORD-100838,2026-03-01,CUST-0084,CLOTHING,West,,0.0
ORD-100865,2025-09-23,CUST-0096,CLOTHING,,10.0,25.0
ORD-100064,2026-05-13,CUST-0105,Electronics,,10.0,
ORD-100812,2026-01-09,,Electronics,,10.0,120.0
ORD-100014,2025-04-08,CUST-0049,Home & Kitchen,West,12.0,299.99
ORD-100156,2025-05-03,CUST-0087,Electronics,north,1.0,-50.0
ORD-100040,2026-03-22,CUST-0082,Home_Kitchen,North,2.0,899.0
ORD-100492,"May 23, 2025",CUST-0041,Home_Kitchen,East,2.0,$299.00
ORD-100379,2025-06-11,CUST-0083,Home & Kitchen,WEST,4.0,120.0
ORD-100187,"Dec 12, 2025",CUST-0125,  Clothing  ,East,1.0,0.0
ORD-100763,2025-05-07,CUST-0114,Home_Kitchen,South,5.0,45.5
ORD-100216,2025-01-13,CUST-0104,Books,WEST,10.0,45.5
ORD-100791,2025-05-01,CUST-0127,Home & Kitchen,South,,
ORD-100052,2025-09-28,CUST-0143,Electronics,,1.0,15.0
ORD-100878,2026-04-19,CUST-0128,Electronics,North,1.0,25.0
ORD-100337,28/04/2025,CUST-0144,Clothing,South,2.0,299.99
ORD-100748,2026-01-05,CUST-0077,Home_Kitchen,WEST,10.0,899.0
ORD-100719,missing_date_error,CUST-0079,Electronics,South,2.0,
ORD-100724,2025-07-27,CUST-0001,Books,north,-1.0,299.99
ORD-100295,2025-06-25,CUST-0076,electronics,West,2.0,-50.0
ORD-100701,21/02/2025,CUST-0041,Clothing,East,-1.0,25.0
ORD-100251,2025-04-15,CUST-0009,CLOTHING,North,5.0,15.0
ORD-100726,2026-04-02,CUST-0123,Clothing,North,-1.0,
ORD-100461,2025-07-09,CUST-0027,Books,,4.0,25.0
ORD-100455,"Feb 16, 2026",,Electronics,North,3.0,899.0
ORD-100918,2025-01-23,CUST-0014,Home_Kitchen,East,3.0,899.0
ORD-100815,2025-04-20,CUST-0068,Home & Kitchen,North,,120.0
ORD-100862,2025-10-15,CUST-0133,electronics,North,10.0,0.0
ORD-100269,2026-03-10,CUST-0036,Clothing,north,4.0,25.0
ORD-100201,2025-10-29,CUST-0111,electronics,South,,
ORD-100161,2025-07-09,CUST-0044,electronics,West,5.0,120.0
ORD-100555,2025-01-06,CUST-0109,Electronics,WEST,10.0,45.5
ORD-100729,missing_date_error,cust_unknown,,East,,45.5
ORD-100401,2025-12-09,CUST-0141,electronics,West,4.0,15.0
ORD-100702,2025-04-25,CUST-0113,Home & Kitchen,,-1.0,15.0
ORD-100476,2025-03-21,CUST-0025,CLOTHING,,4.0,25.0
ORD-100821,24/11/2025,CUST-0074,Home_Kitchen,North,12.0,25.0
ORD-100771,2026-03-16,CUST-0090,CLOTHING,North,1.0,0.0
ORD-100105,2025-04-01,CUST-0086,electronics,North,4.0,899.0
ORD-100565,2025-03-22,CUST-0048,Home_Kitchen,West,5.0,45.5
ORD-100389,2025-08-01,CUST-0063,Electronics,West,10.0,45.5
ORD-100001,missing_date_error,CUST-0006,Home_Kitchen,north,2.0,45.5
ORD-100937,2025-05-22,CUST-0078,CLOTHING,East,1.0,899.0
ORD-100496,2026-04-27,CUST-0119,,,5.0,
ORD-100561,missing_date_error,CUST-0043,,WEST,,299.99
ORD-100080,2025-08-06,CUST-0143,Clothing,,5.0,899.0
ORD-100205,2026-01-13,CUST-0135,Electronics,,2.0,
ORD-100034,missing_date_error,CUST-0015,Home & Kitchen,West,-1.0,
ORD-100775,2025-01-30,CUST-0064,CLOTHING,north,,0.0
ORD-100508,11/01/2025,CUST-0100,electronics,North,4.0,45.5
ORD-100427,2026-01-13,CUST-0093,electronics,north,3.0,
ORD-100454,04/10/2025,CUST-0119,Home_Kitchen,North,3.0,15.0
ORD-100366,2026-02-17,CUST-0035,Clothing,north,10.0,25.0
ORD-100091,missing_date_error,CUST-0024,Electronics,East,10.0,299.99
ORD-100339,05/07/2025,CUST-0147,Home & Kitchen,South,10.0,15.0
ORD-100897,2026-01-15,CUST-0063,electronics,West,-1.0,25.0
ORD-100564,"Feb 06, 2026",CUST-0036,Home_Kitchen,South,12.0,299.99
ORD-100345,2025-10-24,CUST-0069,Home_Kitchen,South,-1.0,299.99
ORD-100776,missing_date_error,CUST-0071,,North,2.0,120.0
ORD-100241,2026-04-07,CUST-0059,Home_Kitchen,South,12.0,120.0
ORD-100013,2026-04-24,CUST-0071,Clothing,North,,15.0
ORD-100315,"Aug 19, 2025",CUST-0023,,West,1.0,15.0
ORD-100600,2025-07-17,CUST-0029,Home & Kitchen,North,3.0,299.99
ORD-100387,2025-06-07,CUST-0126,electronics,South,2.0,899.0
ORD-100273,2025-05-07,CUST-0014,Home_Kitchen,South,-1.0,120.0
ORD-100166,24/11/2025,CUST-0126,Electronics,WEST,3.0,$299.00
ORD-100840,"May 16, 2025",,Home & Kitchen,East,4.0,45.5
ORD-100226,2025-12-09,CUST-0098,Books,West,10.0,899.0
ORD-100646,2025-07-24,CUST-0035,Home_Kitchen,WEST,-1.0,299.99
ORD-100818,"May 07, 2026",CUST-0016,Clothing,West,,120.0
ORD-100484,14/11/2025,CUST-0006,CLOTHING,WEST,3.0,15.0
ORD-100381,2025-02-22,CUST-0123,Electronics,North,1.0,45.5
ORD-100504,03/01/2026,CUST-0051,CLOTHING,North,,$99.00
ORD-100831,2025-05-07,CUST-0022,Home_Kitchen,,10.0,
ORD-100243,2025-04-23,CUST-0146,,north,12.0,15.0
ORD-100566,2025-02-13,CUST-0081,Home_Kitchen,,1.0,120.0
ORD-100875,"Aug 07, 2025",CUST-0068,Home_Kitchen,South,,299.99
ORD-100562,2025-09-19,CUST-0126,Clothing,North,5.0,15.0
ORD-100686,2025-01-13,CUST-0083,,north,10.0,120.0
ORD-100189,missing_date_error,CUST-0002,electronics,WEST,12.0,-50.0
ORD-100782,2025-09-28,CUST-0078,Electronics,West,5.0,15.0
ORD-100699,2026-04-09,CUST-0005,Home_Kitchen,South,12.0,
ORD-100475,2025-03-23,CUST-0122,Electronics,South,,899.0
ORD-100681,2026-04-28,CUST-0056,Electronics,north,5.0,299.99
ORD-100510,03/04/2026,CUST-0055,Home & Kitchen,north,12.0,120.0
ORD-100058,missing_date_error,CUST-0013,CLOTHING,,5.0,899.0
ORD-100474,2025-05-26,CUST-0090,Clothing,West,,120.0
ORD-100560,2025-03-13,CUST-0143,Home & Kitchen,,,899.0
ORD-100856,2025-05-01,CUST-0036,electronics,north,1.0,899.0
ORD-100747,2025-09-28,CUST-0095,Home_Kitchen,South,10.0,45.5
ORD-100252,2025-05-16,CUST-0046,electronics,West,12.0,15.0
ORD-100021,2025-12-07,CUST-0018,electronics,South,4.0,25.0
ORD-100313,24/12/2025,CUST-0027,electronics,West,-1.0,
ORD-100459,2025-12-19,CUST-0007,Home & Kitchen,north,10.0,25.0
ORD-100160,missing_date_error,CUST-0118,,West,1.0,899.0
ORD-100276,missing_date_error,CUST-0060,electronics,West,10.0,-50.0
ORD-100955,2025-05-20,CUST-0001,Clothing,East,10.0,899.0
ORD-100191,2026-05-02,CUST-0142,Home & Kitchen,East,5.0,299.99
ORD-100385,2026-03-28,CUST-0082,Electronics,South,12.0,299.99
ORD-100805,2025-08-24,CUST-0108,Electronics,north,12.0,15.0
ORD-100413,06/07/2025,CUST-0065,electronics,north,,299.99
ORD-100491,2026-02-14,CUST-0142,Electronics,South,2.0,899.0
ORD-100343,2025-05-27,CUST-0044,Home & Kitchen,WEST,3.0,45.5
ORD-100769,2025-03-25,,,North,1.0,120.0
ORD-100308,2026-01-19,CUST-0002,Home_Kitchen,East,2.0,45.5
ORD-100661,2025-07-14,CUST-0107,Clothing,north,,25.0
ORD-100130,2025-07-13,CUST-0121,Home_Kitchen,,4.0,15.0
ORD-100663,2025-06-15,CUST-0116,Clothing,East,12.0,0.0
ORD-100871,2025-11-21,CUST-0110,electronics,South,-1.0,
ORD-100099,2025-05-01,CUST-0049,Home_Kitchen,North,,899.0
ORD-100372,"May 23, 2025",CUST-0085,Home_Kitchen,South,1.0,15.0
ORD-100087,2025-10-20,CUST-0085,Home & Kitchen,,10.0,899.0
ORD-100458,2025-03-25,CUST-0089,Home & Kitchen,South,4.0,25.0
ORD-100330,03/08/2025,CUST-0084,  Books  ,East,4.0,25.0
ORD-100214,2025-12-17,CUST-0021,CLOTHING,WEST,4.0,45.5
ORD-100466,24/03/2025,CUST-0037,Home_Kitchen,West,2.0,299.99
ORD-100121,03/08/2025,CUST-0137,Books,north,2.0,899.0
ORD-100614,2025-01-02,CUST-0077,Electronics,WEST,10.0,899.0
ORD-100020,2025-10-02,CUST-0053,Books,North,3.0,899.0
ORD-100700,2026-04-07,CUST-0032,Home & Kitchen,,3.0,0.0
ORD-100071,26/04/2026,CUST-0062,Home & Kitchen,West,12.0,0.0
ORD-100106,2025-03-22,CUST-0078,electronics,East,3.0,120.0
ORD-100270,2025-10-13,CUST-0021,CLOTHING,north,,
ORD-100860,2025-04-09,CUST-0089,Home & Kitchen,South,,25.0
ORD-100435,23/05/2025,CUST-0012,,South,12.0,-50.0
ORD-100102,2025-05-22,CUST-0056,CLOTHING,West,12.0,
